trip_id,origin,destination,tsp,train_type,departure,arrival,duration,service_id,Esencial,Plus,Full
001O,60000,71801,OUIGO,Euroduplex,2026-02-01 07:02:00,2026-02-01 09:54:00,0 days 02:52:00,001O_2026-02-01-07.02,42,51,62
001O,60000,04040,OUIGO,Euroduplex,2026-02-01 07:02:00,2026-02-01 08:20:00,0 days 01:18:00,001O_2026-02-01-07.02,33,42,53
001O,04040,71801,OUIGO,Euroduplex,2026-02-01 08:23:00,2026-02-01 09:54:00,0 days 01:31:00,001O_2026-02-01-08.23,42,51,62
002O,60000,71801,OUIGO,Euroduplex,2026-02-01 10:02:00,2026-02-01 13:04:00,0 days 03:02:00,002O_2026-02-01-10.02,45,54,65
002O,60000,04040,OUIGO,Euroduplex,2026-02-01 10:02:00,2026-02-01 11:22:00,0 days 01:20:00,002O_2026-02-01-10.02,49,58,69
001O,60000,04104,OUIGO,Euroduplex,2026-02-01 10:02:00,2026-02-01 12:21:00,0 days 02:19:00,001O_2026-02-01-10.02,45,54,65
001O,04040,04104,OUIGO,Euroduplex,2026-02-01 11:25:00,2026-02-01 12:21:00,0 days 00:56:00,001O_2026-02-01-11.25,39,48,59
002O,04040,71801,OUIGO,Euroduplex,2026-02-01 11:25:00,2026-02-01 13:04:00,0 days 01:39:00,002O_2026-02-01-11.25,39,48,59
003O,60000,71801,OUIGO,Euroduplex,2026-02-01 14:12:00,2026-02-01 16:49:00,0 days 02:37:00,003O_2026-02-01-14.12,49,58,69
004O,60000,71801,OUIGO,Euroduplex,2026-02-01 17:17:00,2026-02-01 19:54:00,0 days 02:37:00,004O_2026-02-01-17.17,75,84,95
005O,60000,71801,OUIGO,Euroduplex,2026-02-01 20:10:00,2026-02-01 23:03:00,0 days 02:53:00,005O_2026-02-01-20.10,79,88,99
003O,60000,04040,OUIGO,Euroduplex,2026-02-01 20:10:00,2026-02-01 21:26:00,0 days 01:16:00,003O_2026-02-01-20.10,69,78,89
006O,60000,71801,OUIGO,Euroduplex,2026-02-01 21:02:00,2026-02-01 23:54:00,0 days 02:52:00,006O_2026-02-01-21.02,69,78,89
004O,60000,04040,OUIGO,Euroduplex,2026-02-01 21:02:00,2026-02-01 22:21:00,0 days 01:19:00,004O_2026-02-01-21.02,42,51,62
003O,04040,71801,OUIGO,Euroduplex,2026-02-01 21:29:00,2026-02-01 23:03:00,0 days 01:34:00,003O_2026-02-01-21.29,49,58,69
004O,04040,71801,OUIGO,Euroduplex,2026-02-01 22:24:00,2026-02-01 23:54:00,0 days 01:30:00,004O_2026-02-01-22.24,49,58,69
001O,60000,71801,OUIGO,Euroduplex,2026-02-02 07:02:00,2026-02-02 09:54:00,0 days 02:52:00,001O_2026-02-02-07.02,49,58,69
001O,60000,04040,OUIGO,Euroduplex,2026-02-02 07:02:00,2026-02-02 08:20:00,0 days 01:18:00,001O_2026-02-02-07.02,42,51,62
001O,04040,71801,OUIGO,Euroduplex,2026-02-02 08:23:00,2026-02-02 09:54:00,0 days 01:31:00,001O_2026-02-02-08.23,35,44,55
002O,60000,04040,OUIGO,Euroduplex,2026-02-02 10:02:00,2026-02-02 11:22:00,0 days 01:20:00,002O_2026-02-02-10.02,39,48,59
002O,60000,04104,OUIGO,Euroduplex,2026-02-02 10:02:00,2026-02-02 12:21:00,0 days 02:19:00,002O_2026-02-02-10.02,42,51,62
002O,60000,71801,OUIGO,Euroduplex,2026-02-02 10:02:00,2026-02-02 13:04:00,0 days 03:02:00,002O_2026-02-02-10.02,42,51,62
002O,04040,71801,OUIGO,Euroduplex,2026-02-02 11:25:00,2026-02-02 13:04:00,0 days 01:39:00,002O_2026-02-02-11.25,33,42,53
001O,04040,04104,OUIGO,Euroduplex,2026-02-02 11:25:00,2026-02-02 12:21:00,0 days 00:56:00,001O_2026-02-02-11.25,33,42,53
003O,60000,71801,OUIGO,Euroduplex,2026-02-02 14:12:00,2026-02-02 16:49:00,0 days 02:37:00,003O_2026-02-02-14.12,33,42,53
004O,60000,71801,OUIGO,Euroduplex,2026-02-02 17:17:00,2026-02-02 19:54:00,0 days 02:37:00,004O_2026-02-02-17.17,25,34,45
005O,60000,71801,OUIGO,Euroduplex,2026-02-02 20:10:00,2026-02-02 23:03:00,0 days 02:53:00,005O_2026-02-02-20.10,42,51,62
003O,60000,04040,OUIGO,Euroduplex,2026-02-02 20:10:00,2026-02-02 21:26:00,0 days 01:16:00,003O_2026-02-02-20.10,42,51,62
004O,60000,04040,OUIGO,Euroduplex,2026-02-02 21:02:00,2026-02-02 22:21:00,0 days 01:19:00,004O_2026-02-02-21.02,35,44,55
006O,60000,71801,OUIGO,Euroduplex,2026-02-02 21:02:00,2026-02-02 23:54:00,0 days 02:52:00,006O_2026-02-02-21.02,35,44,55
003O,04040,71801,OUIGO,Euroduplex,2026-02-02 21:29:00,2026-02-02 23:03:00,0 days 01:34:00,003O_2026-02-02-21.29,15,24,35
004O,04040,71801,OUIGO,Euroduplex,2026-02-02 22:24:00,2026-02-02 23:54:00,0 days 01:30:00,004O_2026-02-02-22.24,15,24,35
001O,60000,71801,OUIGO,Euroduplex,2026-02-03 07:02:00,2026-02-03 09:54:00,0 days 02:52:00,001O_2026-02-03-07.02,35,44,55
001O,60000,04040,OUIGO,Euroduplex,2026-02-03 07:02:00,2026-02-03 08:20:00,0 days 01:18:00,001O_2026-02-03-07.02,33,42,53
001O,04040,71801,OUIGO,Euroduplex,2026-02-03 08:23:00,2026-02-03 09:54:00,0 days 01:31:00,001O_2026-02-03-08.23,29,38,49
002O,60000,71801,OUIGO,Euroduplex,2026-02-03 10:02:00,2026-02-03 13:04:00,0 days 03:02:00,002O_2026-02-03-10.02,42,51,62
003O,60000,04104,OUIGO,Euroduplex,2026-02-03 10:02:00,2026-02-03 12:21:00,0 days 02:19:00,003O_2026-02-03-10.02,42,51,62
002O,60000,04040,OUIGO,Euroduplex,2026-02-03 10:02:00,2026-02-03 11:22:00,0 days 01:20:00,002O_2026-02-03-10.02,39,48,59
002O,04040,71801,OUIGO,Euroduplex,2026-02-03 11:25:00,2026-02-03 13:04:00,0 days 01:39:00,002O_2026-02-03-11.25,19,28,39
001O,04040,04104,OUIGO,Euroduplex,2026-02-03 11:25:00,2026-02-03 12:21:00,0 days 00:56:00,001O_2026-02-03-11.25,19,28,39
003O,60000,71801,OUIGO,Euroduplex,2026-02-03 14:12:00,2026-02-03 16:49:00,0 days 02:37:00,003O_2026-02-03-14.12,35,44,55
004O,60000,71801,OUIGO,Euroduplex,2026-02-03 17:17:00,2026-02-03 19:54:00,0 days 02:37:00,004O_2026-02-03-17.17,35,44,55
005O,60000,71801,OUIGO,Euroduplex,2026-02-03 20:10:00,2026-02-03 23:03:00,0 days 02:53:00,005O_2026-02-03-20.10,39,48,59
003O,60000,04040,OUIGO,Euroduplex,2026-02-03 20:10:00,2026-02-03 21:26:00,0 days 01:16:00,003O_2026-02-03-20.10,25,34,45
006O,60000,71801,OUIGO,Euroduplex,2026-02-03 21:02:00,2026-02-03 23:54:00,0 days 02:52:00,006O_2026-02-03-21.02,39,48,59
004O,60000,04040,OUIGO,Euroduplex,2026-02-03 21:02:00,2026-02-03 22:21:00,0 days 01:19:00,004O_2026-02-03-21.02,25,34,45
003O,04040,71801,OUIGO,Euroduplex,2026-02-03 21:29:00,2026-02-03 23:03:00,0 days 01:34:00,003O_2026-02-03-21.29,19,28,39
004O,04040,71801,OUIGO,Euroduplex,2026-02-03 22:24:00,2026-02-03 23:54:00,0 days 01:30:00,004O_2026-02-03-22.24,17,26,37
001O,60000,04040,OUIGO,Euroduplex,2026-02-04 07:02:00,2026-02-04 08:20:00,0 days 01:18:00,001O_2026-02-04-07.02,29,38,49
001O,60000,71801,OUIGO,Euroduplex,2026-02-04 07:02:00,2026-02-04 09:54:00,0 days 02:52:00,001O_2026-02-04-07.02,39,48,59
001O,04040,71801,OUIGO,Euroduplex,2026-02-04 08:23:00,2026-02-04 09:54:00,0 days 01:31:00,001O_2026-02-04-08.23,25,34,45
002O,60000,71801,OUIGO,Euroduplex,2026-02-04 10:02:00,2026-02-04 13:04:00,0 days 03:02:00,002O_2026-02-04-10.02,42,51,62
004O,60000,04104,OUIGO,Euroduplex,2026-02-04 10:02:00,2026-02-04 12:21:00,0 days 02:19:00,004O_2026-02-04-10.02,42,51,62
002O,60000,04040,OUIGO,Euroduplex,2026-02-04 10:02:00,2026-02-04 11:22:00,0 days 01:20:00,002O_2026-02-04-10.02,39,48,59
001O,04040,04104,OUIGO,Euroduplex,2026-02-04 11:25:00,2026-02-04 12:21:00,0 days 00:56:00,001O_2026-02-04-11.25,17,26,37
002O,04040,71801,OUIGO,Euroduplex,2026-02-04 11:25:00,2026-02-04 13:04:00,0 days 01:39:00,002O_2026-02-04-11.25,17,26,37
003O,60000,71801,OUIGO,Euroduplex,2026-02-04 14:12:00,2026-02-04 16:49:00,0 days 02:37:00,003O_2026-02-04-14.12,39,48,59
004O,60000,71801,OUIGO,Euroduplex,2026-02-04 17:17:00,2026-02-04 19:54:00,0 days 02:37:00,004O_2026-02-04-17.17,39,48,59
003O,60000,04040,OUIGO,Euroduplex,2026-02-04 20:10:00,2026-02-04 21:26:00,0 days 01:16:00,003O_2026-02-04-20.10,29,38,49
005O,60000,71801,OUIGO,Euroduplex,2026-02-04 20:10:00,2026-02-04 23:03:00,0 days 02:53:00,005O_2026-02-04-20.10,39,48,59
004O,60000,04040,OUIGO,Euroduplex,2026-02-04 21:02:00,2026-02-04 22:21:00,0 days 01:19:00,004O_2026-02-04-21.02,33,42,53
006O,60000,71801,OUIGO,Euroduplex,2026-02-04 21:02:00,2026-02-04 23:54:00,0 days 02:52:00,006O_2026-02-04-21.02,29,38,49
003O,04040,71801,OUIGO,Euroduplex,2026-02-04 21:29:00,2026-02-04 23:03:00,0 days 01:34:00,003O_2026-02-04-21.29,19,28,39
004O,04040,71801,OUIGO,Euroduplex,2026-02-04 22:24:00,2026-02-04 23:54:00,0 days 01:30:00,004O_2026-02-04-22.24,19,28,39
001O,60000,71801,OUIGO,Euroduplex,2026-02-05 07:02:00,2026-02-05 09:54:00,0 days 02:52:00,001O_2026-02-05-07.02,42,51,62
001O,60000,04040,OUIGO,Euroduplex,2026-02-05 07:02:00,2026-02-05 08:20:00,0 days 01:18:00,001O_2026-02-05-07.02,35,44,55
001O,04040,71801,OUIGO,Euroduplex,2026-02-05 08:23:00,2026-02-05 09:54:00,0 days 01:31:00,001O_2026-02-05-08.23,33,42,53
002O,60000,71801,OUIGO,Euroduplex,2026-02-05 10:02:00,2026-02-05 13:04:00,0 days 03:02:00,002O_2026-02-05-10.02,45,54,65
005O,60000,04104,OUIGO,Euroduplex,2026-02-05 10:02:00,2026-02-05 12:21:00,0 days 02:19:00,005O_2026-02-05-10.02,45,54,65
002O,60000,04040,OUIGO,Euroduplex,2026-02-05 10:02:00,2026-02-05 11:22:00,0 days 01:20:00,002O_2026-02-05-10.02,35,44,55
002O,04040,71801,OUIGO,Euroduplex,2026-02-05 11:25:00,2026-02-05 13:04:00,0 days 01:39:00,002O_2026-02-05-11.25,39,48,59
001O,04040,04104,OUIGO,Euroduplex,2026-02-05 11:25:00,2026-02-05 12:21:00,0 days 00:56:00,001O_2026-02-05-11.25,39,48,59
003O,60000,71801,OUIGO,Euroduplex,2026-02-05 14:12:00,2026-02-05 16:49:00,0 days 02:37:00,003O_2026-02-05-14.12,42,51,62
004O,60000,71801,OUIGO,Euroduplex,2026-02-05 17:17:00,2026-02-05 19:54:00,0 days 02:37:00,004O_2026-02-05-17.17,45,54,65
005O,60000,71801,OUIGO,Euroduplex,2026-02-05 20:10:00,2026-02-05 23:03:00,0 days 02:53:00,005O_2026-02-05-20.10,55,64,75
003O,60000,04040,OUIGO,Euroduplex,2026-02-05 20:10:00,2026-02-05 21:26:00,0 days 01:16:00,003O_2026-02-05-20.10,25,34,45
004O,60000,04040,OUIGO,Euroduplex,2026-02-05 21:02:00,2026-02-05 22:21:00,0 days 01:19:00,004O_2026-02-05-21.02,22,31,42
006O,60000,71801,OUIGO,Euroduplex,2026-02-05 21:02:00,2026-02-05 23:54:00,0 days 02:52:00,006O_2026-02-05-21.02,33,42,53
003O,04040,71801,OUIGO,Euroduplex,2026-02-05 21:29:00,2026-02-05 23:03:00,0 days 01:34:00,003O_2026-02-05-21.29,29,38,49
004O,04040,71801,OUIGO,Euroduplex,2026-02-05 22:24:00,2026-02-05 23:54:00,0 days 01:30:00,004O_2026-02-05-22.24,19,28,39
001O,60000,04040,OUIGO,Euroduplex,2026-02-06 07:02:00,2026-02-06 08:20:00,0 days 01:18:00,001O_2026-02-06-07.02,33,42,53
001O,60000,71801,OUIGO,Euroduplex,2026-02-06 07:02:00,2026-02-06 09:54:00,0 days 02:52:00,001O_2026-02-06-07.02,45,54,65
001O,04040,71801,OUIGO,Euroduplex,2026-02-06 08:23:00,2026-02-06 09:54:00,0 days 01:31:00,001O_2026-02-06-08.23,39,48,59
002O,60000,71801,OUIGO,Euroduplex,2026-02-06 10:02:00,2026-02-06 13:04:00,0 days 03:02:00,002O_2026-02-06-10.02,55,64,75
006O,60000,04104,OUIGO,Euroduplex,2026-02-06 10:02:00,2026-02-06 12:21:00,0 days 02:19:00,006O_2026-02-06-10.02,55,64,75
002O,60000,04040,OUIGO,Euroduplex,2026-02-06 10:02:00,2026-02-06 11:22:00,0 days 01:20:00,002O_2026-02-06-10.02,39,48,59
002O,04040,71801,OUIGO,Euroduplex,2026-02-06 11:25:00,2026-02-06 13:04:00,0 days 01:39:00,002O_2026-02-06-11.25,45,54,65
001O,04040,04104,OUIGO,Euroduplex,2026-02-06 11:25:00,2026-02-06 12:21:00,0 days 00:56:00,001O_2026-02-06-11.25,45,54,65
003O,60000,71801,OUIGO,Euroduplex,2026-02-06 14:12:00,2026-02-06 16:49:00,0 days 02:37:00,003O_2026-02-06-14.12,55,64,75
004O,60000,71801,OUIGO,Euroduplex,2026-02-06 17:17:00,2026-02-06 19:54:00,0 days 02:37:00,004O_2026-02-06-17.17,59,68,79
005O,60000,71801,OUIGO,Euroduplex,2026-02-06 20:10:00,2026-02-06 23:03:00,0 days 02:53:00,005O_2026-02-06-20.10,49,58,69
003O,60000,04040,OUIGO,Euroduplex,2026-02-06 20:10:00,2026-02-06 21:26:00,0 days 01:16:00,003O_2026-02-06-20.10,59,68,79
006O,60000,71801,OUIGO,Euroduplex,2026-02-06 21:02:00,2026-02-06 23:54:00,0 days 02:52:00,006O_2026-02-06-21.02,39,48,59
004O,60000,04040,OUIGO,Euroduplex,2026-02-06 21:02:00,2026-02-06 22:21:00,0 days 01:19:00,004O_2026-02-06-21.02,29,38,49
003O,04040,71801,OUIGO,Euroduplex,2026-02-06 21:29:00,2026-02-06 23:03:00,0 days 01:34:00,003O_2026-02-06-21.29,19,28,39
004O,04040,71801,OUIGO,Euroduplex,2026-02-06 22:24:00,2026-02-06 23:54:00,0 days 01:30:00,004O_2026-02-06-22.24,15,24,35
001O,60000,71801,OUIGO,Euroduplex,2026-02-07 07:02:00,2026-02-07 09:54:00,0 days 02:52:00,001O_2026-02-07-07.02,39,48,59
001O,60000,04040,OUIGO,Euroduplex,2026-02-07 07:02:00,2026-02-07 08:20:00,0 days 01:18:00,001O_2026-02-07-07.02,29,38,49
001O,04040,71801,OUIGO,Euroduplex,2026-02-07 08:23:00,2026-02-07 09:54:00,0 days 01:31:00,001O_2026-02-07-08.23,35,44,55
002O,60000,04040,OUIGO,Euroduplex,2026-02-07 10:02:00,2026-02-07 11:22:00,0 days 01:20:00,002O_2026-02-07-10.02,42,51,62
002O,60000,71801,OUIGO,Euroduplex,2026-02-07 10:02:00,2026-02-07 13:04:00,0 days 03:02:00,002O_2026-02-07-10.02,42,51,62
007O,60000,04104,OUIGO,Euroduplex,2026-02-07 10:02:00,2026-02-07 12:21:00,0 days 02:19:00,007O_2026-02-07-10.02,42,51,62
001O,04040,04104,OUIGO,Euroduplex,2026-02-07 11:25:00,2026-02-07 12:21:00,0 days 00:56:00,001O_2026-02-07-11.25,25,34,45
002O,04040,71801,OUIGO,Euroduplex,2026-02-07 11:25:00,2026-02-07 13:04:00,0 days 01:39:00,002O_2026-02-07-11.25,25,34,45
003O,60000,71801,OUIGO,Euroduplex,2026-02-07 14:12:00,2026-02-07 16:49:00,0 days 02:37:00,003O_2026-02-07-14.12,35,44,55
004O,60000,71801,OUIGO,Euroduplex,2026-02-07 17:17:00,2026-02-07 19:54:00,0 days 02:37:00,004O_2026-02-07-17.17,39,48,59
003O,60000,04040,OUIGO,Euroduplex,2026-02-07 20:10:00,2026-02-07 21:26:00,0 days 01:16:00,003O_2026-02-07-20.10,49,58,69
005O,60000,71801,OUIGO,Euroduplex,2026-02-07 20:10:00,2026-02-07 23:03:00,0 days 02:53:00,005O_2026-02-07-20.10,49,58,69
004O,60000,04040,OUIGO,Euroduplex,2026-02-07 21:02:00,2026-02-07 22:21:00,0 days 01:19:00,004O_2026-02-07-21.02,19,28,39
006O,60000,71801,OUIGO,Euroduplex,2026-02-07 21:02:00,2026-02-07 23:54:00,0 days 02:52:00,006O_2026-02-07-21.02,39,48,59
003O,04040,71801,OUIGO,Euroduplex,2026-02-07 21:29:00,2026-02-07 23:03:00,0 days 01:34:00,003O_2026-02-07-21.29,22,31,42
004O,04040,71801,OUIGO,Euroduplex,2026-02-07 22:24:00,2026-02-07 23:54:00,0 days 01:30:00,004O_2026-02-07-22.24,19,28,39
001O,60000,71801,OUIGO,Euroduplex,2026-02-08 07:02:00,2026-02-08 09:54:00,0 days 02:52:00,001O_2026-02-08-07.02,39,48,59
001O,60000,04040,OUIGO,Euroduplex,2026-02-08 07:02:00,2026-02-08 08:20:00,0 days 01:18:00,001O_2026-02-08-07.02,29,38,49
001O,04040,71801,OUIGO,Euroduplex,2026-02-08 08:23:00,2026-02-08 09:54:00,0 days 01:31:00,001O_2026-02-08-08.23,29,38,49
002O,60000,71801,OUIGO,Euroduplex,2026-02-08 10:02:00,2026-02-08 13:04:00,0 days 03:02:00,002O_2026-02-08-10.02,42,51,62
008O,60000,04104,OUIGO,Euroduplex,2026-02-08 10:02:00,2026-02-08 12:21:00,0 days 02:19:00,008O_2026-02-08-10.02,42,51,62
002O,60000,04040,OUIGO,Euroduplex,2026-02-08 10:02:00,2026-02-08 11:22:00,0 days 01:20:00,002O_2026-02-08-10.02,35,44,55
001O,04040,04104,OUIGO,Euroduplex,2026-02-08 11:25:00,2026-02-08 12:21:00,0 days 00:56:00,001O_2026-02-08-11.25,42,51,62
002O,04040,71801,OUIGO,Euroduplex,2026-02-08 11:25:00,2026-02-08 13:04:00,0 days 01:39:00,002O_2026-02-08-11.25,42,51,62
003O,60000,71801,OUIGO,Euroduplex,2026-02-08 14:12:00,2026-02-08 16:49:00,0 days 02:37:00,003O_2026-02-08-14.12,55,64,75
004O,60000,71801,OUIGO,Euroduplex,2026-02-08 17:17:00,2026-02-08 19:54:00,0 days 02:37:00,004O_2026-02-08-17.17,69,78,89
003O,60000,04040,OUIGO,Euroduplex,2026-02-08 20:10:00,2026-02-08 21:26:00,0 days 01:16:00,003O_2026-02-08-20.10,65,74,85
005O,60000,71801,OUIGO,Euroduplex,2026-02-08 20:10:00,2026-02-08 23:03:00,0 days 02:53:00,005O_2026-02-08-20.10,69,78,89
006O,60000,71801,OUIGO,Euroduplex,2026-02-08 21:02:00,2026-02-08 23:54:00,0 days 02:52:00,006O_2026-02-08-21.02,55,64,75
004O,60000,04040,OUIGO,Euroduplex,2026-02-08 21:02:00,2026-02-08 22:21:00,0 days 01:19:00,004O_2026-02-08-21.02,39,48,59
003O,04040,71801,OUIGO,Euroduplex,2026-02-08 21:29:00,2026-02-08 23:03:00,0 days 01:34:00,003O_2026-02-08-21.29,59,68,79
004O,04040,71801,OUIGO,Euroduplex,2026-02-08 22:24:00,2026-02-08 23:54:00,0 days 01:30:00,004O_2026-02-08-22.24,45,54,65
001O,60000,04040,OUIGO,Euroduplex,2026-02-09 07:02:00,2026-02-09 08:20:00,0 days 01:18:00,001O_2026-02-09-07.02,45,54,65
001O,60000,71801,OUIGO,Euroduplex,2026-02-09 07:02:00,2026-02-09 09:54:00,0 days 02:52:00,001O_2026-02-09-07.02,49,58,69
001O,04040,71801,OUIGO,Euroduplex,2026-02-09 08:23:00,2026-02-09 09:54:00,0 days 01:31:00,001O_2026-02-09-08.23,49,58,69
002O,60000,71801,OUIGO,Euroduplex,2026-02-09 10:02:00,2026-02-09 13:04:00,0 days 03:02:00,002O_2026-02-09-10.02,39,48,59
009O,60000,04104,OUIGO,Euroduplex,2026-02-09 10:02:00,2026-02-09 12:21:00,0 days 02:19:00,009O_2026-02-09-10.02,39,48,59
002O,60000,04040,OUIGO,Euroduplex,2026-02-09 10:02:00,2026-02-09 11:22:00,0 days 01:20:00,002O_2026-02-09-10.02,33,42,53
001O,04040,04104,OUIGO,Euroduplex,2026-02-09 11:25:00,2026-02-09 12:21:00,0 days 00:56:00,001O_2026-02-09-11.25,33,42,53
002O,04040,71801,OUIGO,Euroduplex,2026-02-09 11:25:00,2026-02-09 13:04:00,0 days 01:39:00,002O_2026-02-09-11.25,33,42,53
003O,60000,71801,OUIGO,Euroduplex,2026-02-09 14:12:00,2026-02-09 16:49:00,0 days 02:37:00,003O_2026-02-09-14.12,25,34,45
004O,60000,71801,OUIGO,Euroduplex,2026-02-09 17:17:00,2026-02-09 19:54:00,0 days 02:37:00,004O_2026-02-09-17.17,25,34,45
005O,60000,71801,OUIGO,Euroduplex,2026-02-09 20:10:00,2026-02-09 23:03:00,0 days 02:53:00,005O_2026-02-09-20.10,35,44,55
003O,60000,04040,OUIGO,Euroduplex,2026-02-09 20:10:00,2026-02-09 21:26:00,0 days 01:16:00,003O_2026-02-09-20.10,19,28,39
004O,60000,04040,OUIGO,Euroduplex,2026-02-09 21:02:00,2026-02-09 22:21:00,0 days 01:19:00,004O_2026-02-09-21.02,33,42,53
006O,60000,71801,OUIGO,Euroduplex,2026-02-09 21:02:00,2026-02-09 23:54:00,0 days 02:52:00,006O_2026-02-09-21.02,29,38,49
003O,04040,71801,OUIGO,Euroduplex,2026-02-09 21:29:00,2026-02-09 23:03:00,0 days 01:34:00,003O_2026-02-09-21.29,15,24,35
004O,04040,71801,OUIGO,Euroduplex,2026-02-09 22:24:00,2026-02-09 23:54:00,0 days 01:30:00,004O_2026-02-09-22.24,15,24,35
001O,60000,71801,OUIGO,Euroduplex,2026-02-10 07:02:00,2026-02-10 09:54:00,0 days 02:52:00,001O_2026-02-10-07.02,33,42,53
001O,60000,04040,OUIGO,Euroduplex,2026-02-10 07:02:00,2026-02-10 08:20:00,0 days 01:18:00,001O_2026-02-10-07.02,25,34,45
001O,04040,71801,OUIGO,Euroduplex,2026-02-10 08:23:00,2026-02-10 09:54:00,0 days 01:31:00,001O_2026-02-10-08.23,25,34,45
002O,60000,04040,OUIGO,Euroduplex,2026-02-10 10:02:00,2026-02-10 11:22:00,0 days 01:20:00,002O_2026-02-10-10.02,29,38,49
010O,60000,04104,OUIGO,Euroduplex,2026-02-10 10:02:00,2026-02-10 12:21:00,0 days 02:19:00,010O_2026-02-10-10.02,39,48,59
002O,60000,71801,OUIGO,Euroduplex,2026-02-10 10:02:00,2026-02-10 13:04:00,0 days 03:02:00,002O_2026-02-10-10.02,39,48,59
001O,04040,04104,OUIGO,Euroduplex,2026-02-10 11:25:00,2026-02-10 12:21:00,0 days 00:56:00,001O_2026-02-10-11.25,17,26,37
002O,04040,71801,OUIGO,Euroduplex,2026-02-10 11:25:00,2026-02-10 13:04:00,0 days 01:39:00,002O_2026-02-10-11.25,17,26,37
003O,60000,71801,OUIGO,Euroduplex,2026-02-10 14:12:00,2026-02-10 16:49:00,0 days 02:37:00,003O_2026-02-10-14.12,35,44,55
004O,60000,71801,OUIGO,Euroduplex,2026-02-10 17:17:00,2026-02-10 19:54:00,0 days 02:37:00,004O_2026-02-10-17.17,35,44,55
005O,60000,71801,OUIGO,Euroduplex,2026-02-10 20:10:00,2026-02-10 23:03:00,0 days 02:53:00,005O_2026-02-10-20.10,35,44,55
003O,60000,04040,OUIGO,Euroduplex,2026-02-10 20:10:00,2026-02-10 21:26:00,0 days 01:16:00,003O_2026-02-10-20.10,35,44,55
006O,60000,71801,OUIGO,Euroduplex,2026-02-10 21:02:00,2026-02-10 23:54:00,0 days 02:52:00,006O_2026-02-10-21.02,33,42,53
004O,60000,04040,OUIGO,Euroduplex,2026-02-10 21:02:00,2026-02-10 22:21:00,0 days 01:19:00,004O_2026-02-10-21.02,29,38,49
003O,04040,71801,OUIGO,Euroduplex,2026-02-10 21:29:00,2026-02-10 23:03:00,0 days 01:34:00,003O_2026-02-10-21.29,19,28,39
004O,04040,71801,OUIGO,Euroduplex,2026-02-10 22:24:00,2026-02-10 23:54:00,0 days 01:30:00,004O_2026-02-10-22.24,19,28,39
001O,60000,71801,OUIGO,Euroduplex,2026-02-11 07:02:00,2026-02-11 09:54:00,0 days 02:52:00,001O_2026-02-11-07.02,33,42,53
001O,60000,04040,OUIGO,Euroduplex,2026-02-11 07:02:00,2026-02-11 08:20:00,0 days 01:18:00,001O_2026-02-11-07.02,25,34,45
001O,04040,71801,OUIGO,Euroduplex,2026-02-11 08:23:00,2026-02-11 09:54:00,0 days 01:31:00,001O_2026-02-11-08.23,22,31,42
002O,60000,71801,OUIGO,Euroduplex,2026-02-11 10:02:00,2026-02-11 13:04:00,0 days 03:02:00,002O_2026-02-11-10.02,35,44,55
011O,60000,04104,OUIGO,Euroduplex,2026-02-11 10:02:00,2026-02-11 12:21:00,0 days 02:19:00,011O_2026-02-11-10.02,35,44,55
002O,60000,04040,OUIGO,Euroduplex,2026-02-11 10:02:00,2026-02-11 11:22:00,0 days 01:20:00,002O_2026-02-11-10.02,35,44,55
002O,04040,71801,OUIGO,Euroduplex,2026-02-11 11:25:00,2026-02-11 13:04:00,0 days 01:39:00,002O_2026-02-11-11.25,29,38,49
001O,04040,04104,OUIGO,Euroduplex,2026-02-11 11:25:00,2026-02-11 12:21:00,0 days 00:56:00,001O_2026-02-11-11.25,29,38,49
003O,60000,71801,OUIGO,Euroduplex,2026-02-11 14:12:00,2026-02-11 16:49:00,0 days 02:37:00,003O_2026-02-11-14.12,35,44,55
004O,60000,71801,OUIGO,Euroduplex,2026-02-11 17:17:00,2026-02-11 19:54:00,0 days 02:37:00,004O_2026-02-11-17.17,42,51,62
005O,60000,71801,OUIGO,Euroduplex,2026-02-11 20:10:00,2026-02-11 23:03:00,0 days 02:53:00,005O_2026-02-11-20.10,35,44,55
003O,60000,04040,OUIGO,Euroduplex,2026-02-11 20:10:00,2026-02-11 21:26:00,0 days 01:16:00,003O_2026-02-11-20.10,22,31,42
006O,60000,71801,OUIGO,Euroduplex,2026-02-11 21:02:00,2026-02-11 23:54:00,0 days 02:52:00,006O_2026-02-11-21.02,33,42,53
004O,60000,04040,OUIGO,Euroduplex,2026-02-11 21:02:00,2026-02-11 22:21:00,0 days 01:19:00,004O_2026-02-11-21.02,35,44,55
003O,04040,71801,OUIGO,Euroduplex,2026-02-11 21:29:00,2026-02-11 23:03:00,0 days 01:34:00,003O_2026-02-11-21.29,19,28,39
004O,04040,71801,OUIGO,Euroduplex,2026-02-11 22:24:00,2026-02-11 23:54:00,0 days 01:30:00,004O_2026-02-11-22.24,15,24,35
001O,60000,04040,OUIGO,Euroduplex,2026-02-12 07:02:00,2026-02-12 08:20:00,0 days 01:18:00,001O_2026-02-12-07.02,22,31,42
001O,60000,71801,OUIGO,Euroduplex,2026-02-12 07:02:00,2026-02-12 09:54:00,0 days 02:52:00,001O_2026-02-12-07.02,35,44,55
001O,04040,71801,OUIGO,Euroduplex,2026-02-12 08:23:00,2026-02-12 09:54:00,0 days 01:31:00,001O_2026-02-12-08.23,35,44,55
002O,60000,71801,OUIGO,Euroduplex,2026-02-12 10:02:00,2026-02-12 13:04:00,0 days 03:02:00,002O_2026-02-12-10.02,35,44,55
012O,60000,04104,OUIGO,Euroduplex,2026-02-12 10:02:00,2026-02-12 12:21:00,0 days 02:19:00,012O_2026-02-12-10.02,35,44,55
002O,60000,04040,OUIGO,Euroduplex,2026-02-12 10:02:00,2026-02-12 11:22:00,0 days 01:20:00,002O_2026-02-12-10.02,22,31,42
001O,04040,04104,OUIGO,Euroduplex,2026-02-12 11:25:00,2026-02-12 12:21:00,0 days 00:56:00,001O_2026-02-12-11.25,22,31,42
002O,04040,71801,OUIGO,Euroduplex,2026-02-12 11:25:00,2026-02-12 13:04:00,0 days 01:39:00,002O_2026-02-12-11.25,22,31,42
003O,60000,71801,OUIGO,Euroduplex,2026-02-12 14:12:00,2026-02-12 16:49:00,0 days 02:37:00,003O_2026-02-12-14.12,39,48,59
004O,60000,71801,OUIGO,Euroduplex,2026-02-12 17:17:00,2026-02-12 19:54:00,0 days 02:37:00,004O_2026-02-12-17.17,45,54,65
005O,60000,71801,OUIGO,Euroduplex,2026-02-12 20:10:00,2026-02-12 23:03:00,0 days 02:53:00,005O_2026-02-12-20.10,55,64,75
003O,60000,04040,OUIGO,Euroduplex,2026-02-12 20:10:00,2026-02-12 21:26:00,0 days 01:16:00,003O_2026-02-12-20.10,39,48,59
004O,60000,04040,OUIGO,Euroduplex,2026-02-12 21:02:00,2026-02-12 22:21:00,0 days 01:19:00,004O_2026-02-12-21.02,25,34,45
006O,60000,71801,OUIGO,Euroduplex,2026-02-12 21:02:00,2026-02-12 23:54:00,0 days 02:52:00,006O_2026-02-12-21.02,29,38,49
003O,04040,71801,OUIGO,Euroduplex,2026-02-12 21:29:00,2026-02-12 23:03:00,0 days 01:34:00,003O_2026-02-12-21.29,33,42,53
004O,04040,71801,OUIGO,Euroduplex,2026-02-12 22:24:00,2026-02-12 23:54:00,0 days 01:30:00,004O_2026-02-12-22.24,19,28,39
001O,60000,71801,OUIGO,Euroduplex,2026-02-13 07:02:00,2026-02-13 09:54:00,0 days 02:52:00,001O_2026-02-13-07.02,55,64,75
001O,60000,04040,OUIGO,Euroduplex,2026-02-13 07:02:00,2026-02-13 08:20:00,0 days 01:18:00,001O_2026-02-13-07.02,45,54,65
001O,04040,71801,OUIGO,Euroduplex,2026-02-13 08:23:00,2026-02-13 09:54:00,0 days 01:31:00,001O_2026-02-13-08.23,49,58,69
002O,60000,04040,OUIGO,Euroduplex,2026-02-13 10:02:00,2026-02-13 11:22:00,0 days 01:20:00,002O_2026-02-13-10.02,42,51,62
013O,60000,04104,OUIGO,Euroduplex,2026-02-13 10:02:00,2026-02-13 12:21:00,0 days 02:19:00,013O_2026-02-13-10.02,59,68,79
002O,60000,71801,OUIGO,Euroduplex,2026-02-13 10:02:00,2026-02-13 13:04:00,0 days 03:02:00,002O_2026-02-13-10.02,59,68,79
001O,04040,04104,OUIGO,Euroduplex,2026-02-13 11:25:00,2026-02-13 12:21:00,0 days 00:56:00,001O_2026-02-13-11.25,49,58,69
002O,04040,71801,OUIGO,Euroduplex,2026-02-13 11:25:00,2026-02-13 13:04:00,0 days 01:39:00,002O_2026-02-13-11.25,49,58,69
003O,60000,71801,OUIGO,Euroduplex,2026-02-13 14:12:00,2026-02-13 16:49:00,0 days 02:37:00,003O_2026-02-13-14.12,49,58,69
004O,60000,71801,OUIGO,Euroduplex,2026-02-13 17:17:00,2026-02-13 19:54:00,0 days 02:37:00,004O_2026-02-13-17.17,65,74,85
005O,60000,71801,OUIGO,Euroduplex,2026-02-13 20:10:00,2026-02-13 23:03:00,0 days 02:53:00,005O_2026-02-13-20.10,45,54,65
003O,60000,04040,OUIGO,Euroduplex,2026-02-13 20:10:00,2026-02-13 21:26:00,0 days 01:16:00,003O_2026-02-13-20.10,35,44,55
006O,60000,71801,OUIGO,Euroduplex,2026-02-13 21:02:00,2026-02-13 23:54:00,0 days 02:52:00,006O_2026-02-13-21.02,35,44,55
004O,60000,04040,OUIGO,Euroduplex,2026-02-13 21:02:00,2026-02-13 22:21:00,0 days 01:19:00,004O_2026-02-13-21.02,25,34,45
003O,04040,71801,OUIGO,Euroduplex,2026-02-13 21:29:00,2026-02-13 23:03:00,0 days 01:34:00,003O_2026-02-13-21.29,29,38,49
004O,04040,71801,OUIGO,Euroduplex,2026-02-13 22:24:00,2026-02-13 23:54:00,0 days 01:30:00,004O_2026-02-13-22.24,25,34,45
001O,60000,71801,OUIGO,Euroduplex,2026-02-14 07:02:00,2026-02-14 09:54:00,0 days 02:52:00,001O_2026-02-14-07.02,49,58,69
001O,60000,04040,OUIGO,Euroduplex,2026-02-14 07:02:00,2026-02-14 08:20:00,0 days 01:18:00,001O_2026-02-14-07.02,29,38,49
001O,04040,71801,OUIGO,Euroduplex,2026-02-14 08:23:00,2026-02-14 09:54:00,0 days 01:31:00,001O_2026-02-14-08.23,45,54,65
002O,60000,04040,OUIGO,Euroduplex,2026-02-14 10:02:00,2026-02-14 11:22:00,0 days 01:20:00,002O_2026-02-14-10.02,35,44,55
014O,60000,04104,OUIGO,Euroduplex,2026-02-14 10:02:00,2026-02-14 12:21:00,0 days 02:19:00,014O_2026-02-14-10.02,49,58,69
002O,60000,71801,OUIGO,Euroduplex,2026-02-14 10:02:00,2026-02-14 13:04:00,0 days 03:02:00,002O_2026-02-14-10.02,49,58,69
001O,04040,04104,OUIGO,Euroduplex,2026-02-14 11:25:00,2026-02-14 12:21:00,0 days 00:56:00,001O_2026-02-14-11.25,49,58,69
002O,04040,71801,OUIGO,Euroduplex,2026-02-14 11:25:00,2026-02-14 13:04:00,0 days 01:39:00,002O_2026-02-14-11.25,49,58,69
003O,60000,71801,OUIGO,Euroduplex,2026-02-14 14:12:00,2026-02-14 16:49:00,0 days 02:37:00,003O_2026-02-14-14.12,33,42,53
004O,60000,71801,OUIGO,Euroduplex,2026-02-14 17:17:00,2026-02-14 19:54:00,0 days 02:37:00,004O_2026-02-14-17.17,33,42,53
005O,60000,71801,OUIGO,Euroduplex,2026-02-14 20:10:00,2026-02-14 23:03:00,0 days 02:53:00,005O_2026-02-14-20.10,35,44,55
003O,60000,04040,OUIGO,Euroduplex,2026-02-14 20:10:00,2026-02-14 21:26:00,0 days 01:16:00,003O_2026-02-14-20.10,35,44,55
006O,60000,71801,OUIGO,Euroduplex,2026-02-14 21:02:00,2026-02-14 23:54:00,0 days 02:52:00,006O_2026-02-14-21.02,25,34,45
004O,60000,04040,OUIGO,Euroduplex,2026-02-14 21:02:00,2026-02-14 22:21:00,0 days 01:19:00,004O_2026-02-14-21.02,19,28,39
003O,04040,71801,OUIGO,Euroduplex,2026-02-14 21:29:00,2026-02-14 23:03:00,0 days 01:34:00,003O_2026-02-14-21.29,29,38,49
004O,04040,71801,OUIGO,Euroduplex,2026-02-14 22:24:00,2026-02-14 23:54:00,0 days 01:30:00,004O_2026-02-14-22.24,19,28,39
001O,60000,71801,OUIGO,Euroduplex,2026-02-15 07:02:00,2026-02-15 09:54:00,0 days 02:52:00,001O_2026-02-15-07.02,35,44,55
001O,60000,04040,OUIGO,Euroduplex,2026-02-15 07:02:00,2026-02-15 08:20:00,0 days 01:18:00,001O_2026-02-15-07.02,22,31,42
001O,04040,71801,OUIGO,Euroduplex,2026-02-15 08:23:00,2026-02-15 09:54:00,0 days 01:31:00,001O_2026-02-15-08.23,25,34,45
002O,60000,71801,OUIGO,Euroduplex,2026-02-15 10:02:00,2026-02-15 13:04:00,0 days 03:02:00,002O_2026-02-15-10.02,49,58,69
015O,60000,04104,OUIGO,Euroduplex,2026-02-15 10:02:00,2026-02-15 12:21:00,0 days 02:19:00,015O_2026-02-15-10.02,49,58,69
002O,60000,04040,OUIGO,Euroduplex,2026-02-15 10:02:00,2026-02-15 11:22:00,0 days 01:20:00,002O_2026-02-15-10.02,42,51,62
002O,04040,71801,OUIGO,Euroduplex,2026-02-15 11:25:00,2026-02-15 13:04:00,0 days 01:39:00,002O_2026-02-15-11.25,35,44,55
001O,04040,04104,OUIGO,Euroduplex,2026-02-15 11:25:00,2026-02-15 12:21:00,0 days 00:56:00,001O_2026-02-15-11.25,35,44,55
003O,60000,71801,OUIGO,Euroduplex,2026-02-15 14:12:00,2026-02-15 16:49:00,0 days 02:37:00,003O_2026-02-15-14.12,49,58,69
004O,60000,71801,OUIGO,Euroduplex,2026-02-15 17:17:00,2026-02-15 19:54:00,0 days 02:37:00,004O_2026-02-15-17.17,69,78,89
005O,60000,71801,OUIGO,Euroduplex,2026-02-15 20:10:00,2026-02-15 23:03:00,0 days 02:53:00,005O_2026-02-15-20.10,75,84,95
003O,60000,04040,OUIGO,Euroduplex,2026-02-15 20:10:00,2026-02-15 21:26:00,0 days 01:16:00,003O_2026-02-15-20.10,75,84,95
006O,60000,71801,OUIGO,Euroduplex,2026-02-15 21:02:00,2026-02-15 23:54:00,0 days 02:52:00,006O_2026-02-15-21.02,59,68,79
004O,60000,04040,OUIGO,Euroduplex,2026-02-15 21:02:00,2026-02-15 22:21:00,0 days 01:19:00,004O_2026-02-15-21.02,35,44,55
003O,04040,71801,OUIGO,Euroduplex,2026-02-15 21:29:00,2026-02-15 23:03:00,0 days 01:34:00,003O_2026-02-15-21.29,45,54,65
004O,04040,71801,OUIGO,Euroduplex,2026-02-15 22:24:00,2026-02-15 23:54:00,0 days 01:30:00,004O_2026-02-15-22.24,35,44,55
001O,60000,71801,OUIGO,Euroduplex,2026-02-16 07:02:00,2026-02-16 09:54:00,0 days 02:52:00,001O_2026-02-16-07.02,49,58,69
001O,60000,04040,OUIGO,Euroduplex,2026-02-16 07:02:00,2026-02-16 08:20:00,0 days 01:18:00,001O_2026-02-16-07.02,42,51,62
001O,04040,71801,OUIGO,Euroduplex,2026-02-16 08:23:00,2026-02-16 09:54:00,0 days 01:31:00,001O_2026-02-16-08.23,29,38,49
002O,60000,04040,OUIGO,Euroduplex,2026-02-16 10:02:00,2026-02-16 11:22:00,0 days 01:20:00,002O_2026-02-16-10.02,33,42,53
002O,60000,71801,OUIGO,Euroduplex,2026-02-16 10:02:00,2026-02-16 13:04:00,0 days 03:02:00,002O_2026-02-16-10.02,49,58,69
016O,60000,04104,OUIGO,Euroduplex,2026-02-16 10:02:00,2026-02-16 12:21:00,0 days 02:19:00,016O_2026-02-16-10.02,49,58,69
001O,04040,04104,OUIGO,Euroduplex,2026-02-16 11:25:00,2026-02-16 12:21:00,0 days 00:56:00,001O_2026-02-16-11.25,35,44,55
002O,04040,71801,OUIGO,Euroduplex,2026-02-16 11:25:00,2026-02-16 13:04:00,0 days 01:39:00,002O_2026-02-16-11.25,35,44,55
003O,60000,71801,OUIGO,Euroduplex,2026-02-16 14:12:00,2026-02-16 16:49:00,0 days 02:37:00,003O_2026-02-16-14.12,39,48,59
004O,60000,71801,OUIGO,Euroduplex,2026-02-16 17:17:00,2026-02-16 19:54:00,0 days 02:37:00,004O_2026-02-16-17.17,35,44,55
005O,60000,71801,OUIGO,Euroduplex,2026-02-16 20:10:00,2026-02-16 23:03:00,0 days 02:53:00,005O_2026-02-16-20.10,49,58,69
003O,60000,04040,OUIGO,Euroduplex,2026-02-16 20:10:00,2026-02-16 21:26:00,0 days 01:16:00,003O_2026-02-16-20.10,35,44,55
006O,60000,71801,OUIGO,Euroduplex,2026-02-16 21:02:00,2026-02-16 23:54:00,0 days 02:52:00,006O_2026-02-16-21.02,35,44,55
004O,60000,04040,OUIGO,Euroduplex,2026-02-16 21:02:00,2026-02-16 22:21:00,0 days 01:19:00,004O_2026-02-16-21.02,42,51,62
003O,04040,71801,OUIGO,Euroduplex,2026-02-16 21:29:00,2026-02-16 23:03:00,0 days 01:34:00,003O_2026-02-16-21.29,35,44,55
004O,04040,71801,OUIGO,Euroduplex,2026-02-16 22:24:00,2026-02-16 23:54:00,0 days 01:30:00,004O_2026-02-16-22.24,19,28,39
001O,60000,71801,OUIGO,Euroduplex,2026-02-17 07:02:00,2026-02-17 09:54:00,0 days 02:52:00,001O_2026-02-17-07.02,39,48,59
001O,60000,04040,OUIGO,Euroduplex,2026-02-17 07:02:00,2026-02-17 08:20:00,0 days 01:18:00,001O_2026-02-17-07.02,29,38,49
001O,04040,71801,OUIGO,Euroduplex,2026-02-17 08:23:00,2026-02-17 09:54:00,0 days 01:31:00,001O_2026-02-17-08.23,29,38,49
017O,60000,04104,OUIGO,Euroduplex,2026-02-17 10:02:00,2026-02-17 12:21:00,0 days 02:19:00,017O_2026-02-17-10.02,49,58,69
002O,60000,04040,OUIGO,Euroduplex,2026-02-17 10:02:00,2026-02-17 11:22:00,0 days 01:20:00,002O_2026-02-17-10.02,22,31,42
002O,60000,71801,OUIGO,Euroduplex,2026-02-17 10:02:00,2026-02-17 13:04:00,0 days 03:02:00,002O_2026-02-17-10.02,29,38,49
001O,04040,04104,OUIGO,Euroduplex,2026-02-17 11:25:00,2026-02-17 12:21:00,0 days 00:56:00,001O_2026-02-17-11.25,19,28,39
002O,04040,71801,OUIGO,Euroduplex,2026-02-17 11:25:00,2026-02-17 13:04:00,0 days 01:39:00,002O_2026-02-17-11.25,19,28,39
003O,60000,71801,OUIGO,Euroduplex,2026-02-17 14:12:00,2026-02-17 16:49:00,0 days 02:37:00,003O_2026-02-17-14.12,35,44,55
004O,60000,71801,OUIGO,Euroduplex,2026-02-17 17:17:00,2026-02-17 19:54:00,0 days 02:37:00,004O_2026-02-17-17.17,33,42,53
005O,60000,71801,OUIGO,Euroduplex,2026-02-17 20:10:00,2026-02-17 23:03:00,0 days 02:53:00,005O_2026-02-17-20.10,33,42,53
003O,60000,04040,OUIGO,Euroduplex,2026-02-17 20:10:00,2026-02-17 21:26:00,0 days 01:16:00,003O_2026-02-17-20.10,29,38,49
006O,60000,71801,OUIGO,Euroduplex,2026-02-17 21:02:00,2026-02-17 23:54:00,0 days 02:52:00,006O_2026-02-17-21.02,33,42,53
004O,60000,04040,OUIGO,Euroduplex,2026-02-17 21:02:00,2026-02-17 22:21:00,0 days 01:19:00,004O_2026-02-17-21.02,29,38,49
003O,04040,71801,OUIGO,Euroduplex,2026-02-17 21:29:00,2026-02-17 23:03:00,0 days 01:34:00,003O_2026-02-17-21.29,19,28,39
004O,04040,71801,OUIGO,Euroduplex,2026-02-17 22:24:00,2026-02-17 23:54:00,0 days 01:30:00,004O_2026-02-17-22.24,19,28,39
001O,60000,71801,OUIGO,Euroduplex,2026-02-18 07:02:00,2026-02-18 09:54:00,0 days 02:52:00,001O_2026-02-18-07.02,29,38,49
001O,60000,04040,OUIGO,Euroduplex,2026-02-18 07:02:00,2026-02-18 08:20:00,0 days 01:18:00,001O_2026-02-18-07.02,22,31,42
001O,04040,71801,OUIGO,Euroduplex,2026-02-18 08:23:00,2026-02-18 09:54:00,0 days 01:31:00,001O_2026-02-18-08.23,35,44,55
002O,60000,04040,OUIGO,Euroduplex,2026-02-18 10:02:00,2026-02-18 11:22:00,0 days 01:20:00,002O_2026-02-18-10.02,33,42,53
018O,60000,04104,OUIGO,Euroduplex,2026-02-18 10:02:00,2026-02-18 12:21:00,0 days 02:19:00,018O_2026-02-18-10.02,39,48,59
002O,60000,71801,OUIGO,Euroduplex,2026-02-18 10:02:00,2026-02-18 13:04:00,0 days 03:02:00,002O_2026-02-18-10.02,39,48,59
002O,04040,71801,OUIGO,Euroduplex,2026-02-18 11:25:00,2026-02-18 13:04:00,0 days 01:39:00,002O_2026-02-18-11.25,19,28,39
001O,04040,04104,OUIGO,Euroduplex,2026-02-18 11:25:00,2026-02-18 12:21:00,0 days 00:56:00,001O_2026-02-18-11.25,19,28,39
003O,60000,71801,OUIGO,Euroduplex,2026-02-18 14:12:00,2026-02-18 16:49:00,0 days 02:37:00,003O_2026-02-18-14.12,35,44,55
004O,60000,71801,OUIGO,Euroduplex,2026-02-18 17:17:00,2026-02-18 19:54:00,0 days 02:37:00,004O_2026-02-18-17.17,35,44,55
005O,60000,71801,OUIGO,Euroduplex,2026-02-18 20:10:00,2026-02-18 23:03:00,0 days 02:53:00,005O_2026-02-18-20.10,39,48,59
003O,60000,04040,OUIGO,Euroduplex,2026-02-18 20:10:00,2026-02-18 21:26:00,0 days 01:16:00,003O_2026-02-18-20.10,25,34,45
006O,60000,71801,OUIGO,Euroduplex,2026-02-18 21:02:00,2026-02-18 23:54:00,0 days 02:52:00,006O_2026-02-18-21.02,29,38,49
004O,60000,04040,OUIGO,Euroduplex,2026-02-18 21:02:00,2026-02-18 22:21:00,0 days 01:19:00,004O_2026-02-18-21.02,29,38,49
003O,04040,71801,OUIGO,Euroduplex,2026-02-18 21:29:00,2026-02-18 23:03:00,0 days 01:34:00,003O_2026-02-18-21.29,22,31,42
004O,04040,71801,OUIGO,Euroduplex,2026-02-18 22:24:00,2026-02-18 23:54:00,0 days 01:30:00,004O_2026-02-18-22.24,15,24,35
001O,60000,71801,OUIGO,Euroduplex,2026-02-19 07:02:00,2026-02-19 09:54:00,0 days 02:52:00,001O_2026-02-19-07.02,35,44,55
001O,60000,04040,OUIGO,Euroduplex,2026-02-19 07:02:00,2026-02-19 08:20:00,0 days 01:18:00,001O_2026-02-19-07.02,25,34,45
001O,04040,71801,OUIGO,Euroduplex,2026-02-19 08:23:00,2026-02-19 09:54:00,0 days 01:31:00,001O_2026-02-19-08.23,29,38,49
002O,60000,71801,OUIGO,Euroduplex,2026-02-19 10:02:00,2026-02-19 13:04:00,0 days 03:02:00,002O_2026-02-19-10.02,29,38,49
019O,60000,04104,OUIGO,Euroduplex,2026-02-19 10:02:00,2026-02-19 12:21:00,0 days 02:19:00,019O_2026-02-19-10.02,29,38,49
002O,60000,04040,OUIGO,Euroduplex,2026-02-19 10:02:00,2026-02-19 11:22:00,0 days 01:20:00,002O_2026-02-19-10.02,25,34,45
002O,04040,71801,OUIGO,Euroduplex,2026-02-19 11:25:00,2026-02-19 13:04:00,0 days 01:39:00,002O_2026-02-19-11.25,25,34,45
001O,04040,04104,OUIGO,Euroduplex,2026-02-19 11:25:00,2026-02-19 12:21:00,0 days 00:56:00,001O_2026-02-19-11.25,25,34,45
003O,60000,71801,OUIGO,Euroduplex,2026-02-19 14:12:00,2026-02-19 16:49:00,0 days 02:37:00,003O_2026-02-19-14.12,39,48,59
004O,60000,71801,OUIGO,Euroduplex,2026-02-19 17:17:00,2026-02-19 19:54:00,0 days 02:37:00,004O_2026-02-19-17.17,39,48,59
005O,60000,71801,OUIGO,Euroduplex,2026-02-19 20:10:00,2026-02-19 23:03:00,0 days 02:53:00,005O_2026-02-19-20.10,35,44,55
003O,60000,04040,OUIGO,Euroduplex,2026-02-19 20:10:00,2026-02-19 21:26:00,0 days 01:16:00,003O_2026-02-19-20.10,29,38,49
004O,60000,04040,OUIGO,Euroduplex,2026-02-19 21:02:00,2026-02-19 22:21:00,0 days 01:19:00,004O_2026-02-19-21.02,19,28,39
006O,60000,71801,OUIGO,Euroduplex,2026-02-19 21:02:00,2026-02-19 23:54:00,0 days 02:52:00,006O_2026-02-19-21.02,29,38,49
003O,04040,71801,OUIGO,Euroduplex,2026-02-19 21:29:00,2026-02-19 23:03:00,0 days 01:34:00,003O_2026-02-19-21.29,29,38,49
004O,04040,71801,OUIGO,Euroduplex,2026-02-19 22:24:00,2026-02-19 23:54:00,0 days 01:30:00,004O_2026-02-19-22.24,19,28,39
001O,60000,04040,OUIGO,Euroduplex,2026-02-20 07:02:00,2026-02-20 08:20:00,0 days 01:18:00,001O_2026-02-20-07.02,25,34,45
001O,60000,71801,OUIGO,Euroduplex,2026-02-20 07:02:00,2026-02-20 09:54:00,0 days 02:52:00,001O_2026-02-20-07.02,39,48,59
001O,04040,71801,OUIGO,Euroduplex,2026-02-20 08:23:00,2026-02-20 09:54:00,0 days 01:31:00,001O_2026-02-20-08.23,29,38,49
002O,60000,71801,OUIGO,Euroduplex,2026-02-20 10:02:00,2026-02-20 13:04:00,0 days 03:02:00,002O_2026-02-20-10.02,45,54,65
020O,60000,04104,OUIGO,Euroduplex,2026-02-20 10:02:00,2026-02-20 12:21:00,0 days 02:19:00,020O_2026-02-20-10.02,45,54,65
002O,60000,04040,OUIGO,Euroduplex,2026-02-20 10:02:00,2026-02-20 11:22:00,0 days 01:20:00,002O_2026-02-20-10.02,45,54,65
002O,04040,71801,OUIGO,Euroduplex,2026-02-20 11:25:00,2026-02-20 13:04:00,0 days 01:39:00,002O_2026-02-20-11.25,22,31,42
001O,04040,04104,OUIGO,Euroduplex,2026-02-20 11:25:00,2026-02-20 12:21:00,0 days 00:56:00,001O_2026-02-20-11.25,22,31,42
003O,60000,71801,OUIGO,Euroduplex,2026-02-20 14:12:00,2026-02-20 16:49:00,0 days 02:37:00,003O_2026-02-20-14.12,45,54,65
004O,60000,71801,OUIGO,Euroduplex,2026-02-20 17:17:00,2026-02-20 19:54:00,0 days 02:37:00,004O_2026-02-20-17.17,65,74,85
005O,60000,71801,OUIGO,Euroduplex,2026-02-20 20:10:00,2026-02-20 23:03:00,0 days 02:53:00,005O_2026-02-20-20.10,45,54,65
003O,60000,04040,OUIGO,Euroduplex,2026-02-20 20:10:00,2026-02-20 21:26:00,0 days 01:16:00,003O_2026-02-20-20.10,35,44,55
006O,60000,71801,OUIGO,Euroduplex,2026-02-20 21:02:00,2026-02-20 23:54:00,0 days 02:52:00,006O_2026-02-20-21.02,29,38,49
004O,60000,04040,OUIGO,Euroduplex,2026-02-20 21:02:00,2026-02-20 22:21:00,0 days 01:19:00,004O_2026-02-20-21.02,29,38,49
003O,04040,71801,OUIGO,Euroduplex,2026-02-20 21:29:00,2026-02-20 23:03:00,0 days 01:34:00,003O_2026-02-20-21.29,29,38,49
004O,04040,71801,OUIGO,Euroduplex,2026-02-20 22:24:00,2026-02-20 23:54:00,0 days 01:30:00,004O_2026-02-20-22.24,29,38,49
001O,60000,71801,OUIGO,Euroduplex,2026-02-21 07:02:00,2026-02-21 09:54:00,0 days 02:52:00,001O_2026-02-21-07.02,39,48,59
001O,60000,04040,OUIGO,Euroduplex,2026-02-21 07:02:00,2026-02-21 08:20:00,0 days 01:18:00,001O_2026-02-21-07.02,29,38,49
001O,04040,71801,OUIGO,Euroduplex,2026-02-21 08:23:00,2026-02-21 09:54:00,0 days 01:31:00,001O_2026-02-21-08.23,22,31,42
002O,60000,71801,OUIGO,Euroduplex,2026-02-21 10:02:00,2026-02-21 13:04:00,0 days 03:02:00,002O_2026-02-21-10.02,39,48,59
002O,60000,04040,OUIGO,Euroduplex,2026-02-21 10:02:00,2026-02-21 11:22:00,0 days 01:20:00,002O_2026-02-21-10.02,35,44,55
021O,60000,04104,OUIGO,Euroduplex,2026-02-21 10:02:00,2026-02-21 12:21:00,0 days 02:19:00,021O_2026-02-21-10.02,39,48,59
001O,04040,04104,OUIGO,Euroduplex,2026-02-21 11:25:00,2026-02-21 12:21:00,0 days 00:56:00,001O_2026-02-21-11.25,22,31,42
002O,04040,71801,OUIGO,Euroduplex,2026-02-21 11:25:00,2026-02-21 13:04:00,0 days 01:39:00,002O_2026-02-21-11.25,22,31,42
003O,60000,71801,OUIGO,Euroduplex,2026-02-21 14:12:00,2026-02-21 16:49:00,0 days 02:37:00,003O_2026-02-21-14.12,33,42,53
004O,60000,71801,OUIGO,Euroduplex,2026-02-21 17:17:00,2026-02-21 19:54:00,0 days 02:37:00,004O_2026-02-21-17.17,35,44,55
005O,60000,71801,OUIGO,Euroduplex,2026-02-21 20:10:00,2026-02-21 23:03:00,0 days 02:53:00,005O_2026-02-21-20.10,42,51,62
003O,60000,04040,OUIGO,Euroduplex,2026-02-21 20:10:00,2026-02-21 21:26:00,0 days 01:16:00,003O_2026-02-21-20.10,42,51,62
004O,60000,04040,OUIGO,Euroduplex,2026-02-21 21:02:00,2026-02-21 22:21:00,0 days 01:19:00,004O_2026-02-21-21.02,19,28,39
006O,60000,71801,OUIGO,Euroduplex,2026-02-21 21:02:00,2026-02-21 23:54:00,0 days 02:52:00,006O_2026-02-21-21.02,33,42,53
003O,04040,71801,OUIGO,Euroduplex,2026-02-21 21:29:00,2026-02-21 23:03:00,0 days 01:34:00,003O_2026-02-21-21.29,25,34,45
004O,04040,71801,OUIGO,Euroduplex,2026-02-21 22:24:00,2026-02-21 23:54:00,0 days 01:30:00,004O_2026-02-21-22.24,19,28,39
001O,60000,71801,OUIGO,Euroduplex,2026-02-22 07:02:00,2026-02-22 09:54:00,0 days 02:52:00,001O_2026-02-22-07.02,35,44,55
001O,60000,04040,OUIGO,Euroduplex,2026-02-22 07:02:00,2026-02-22 08:20:00,0 days 01:18:00,001O_2026-02-22-07.02,22,31,42
001O,04040,71801,OUIGO,Euroduplex,2026-02-22 08:23:00,2026-02-22 09:54:00,0 days 01:31:00,001O_2026-02-22-08.23,22,31,42
002O,60000,71801,OUIGO,Euroduplex,2026-02-22 10:02:00,2026-02-22 13:04:00,0 days 03:02:00,002O_2026-02-22-10.02,39,48,59
022O,60000,04104,OUIGO,Euroduplex,2026-02-22 10:02:00,2026-02-22 12:21:00,0 days 02:19:00,022O_2026-02-22-10.02,39,48,59
002O,60000,04040,OUIGO,Euroduplex,2026-02-22 10:02:00,2026-02-22 11:22:00,0 days 01:20:00,002O_2026-02-22-10.02,35,44,55
001O,04040,04104,OUIGO,Euroduplex,2026-02-22 11:25:00,2026-02-22 12:21:00,0 days 00:56:00,001O_2026-02-22-11.25,25,34,45
002O,04040,71801,OUIGO,Euroduplex,2026-02-22 11:25:00,2026-02-22 13:04:00,0 days 01:39:00,002O_2026-02-22-11.25,25,34,45
003O,60000,71801,OUIGO,Euroduplex,2026-02-22 14:12:00,2026-02-22 16:49:00,0 days 02:37:00,003O_2026-02-22-14.12,55,64,75
004O,60000,71801,OUIGO,Euroduplex,2026-02-22 17:17:00,2026-02-22 19:54:00,0 days 02:37:00,004O_2026-02-22-17.17,69,78,89
003O,60000,04040,OUIGO,Euroduplex,2026-02-22 20:10:00,2026-02-22 21:26:00,0 days 01:16:00,003O_2026-02-22-20.10,55,64,75
005O,60000,71801,OUIGO,Euroduplex,2026-02-22 20:10:00,2026-02-22 23:03:00,0 days 02:53:00,005O_2026-02-22-20.10,69,78,89
006O,60000,71801,OUIGO,Euroduplex,2026-02-22 21:02:00,2026-02-22 23:54:00,0 days 02:52:00,006O_2026-02-22-21.02,59,68,79
004O,60000,04040,OUIGO,Euroduplex,2026-02-22 21:02:00,2026-02-22 22:21:00,0 days 01:19:00,004O_2026-02-22-21.02,35,44,55
003O,04040,71801,OUIGO,Euroduplex,2026-02-22 21:29:00,2026-02-22 23:03:00,0 days 01:34:00,003O_2026-02-22-21.29,49,58,69
004O,04040,71801,OUIGO,Euroduplex,2026-02-22 22:24:00,2026-02-22 23:54:00,0 days 01:30:00,004O_2026-02-22-22.24,42,51,62
001O,60000,71801,OUIGO,Euroduplex,2026-02-23 07:02:00,2026-02-23 09:54:00,0 days 02:52:00,001O_2026-02-23-07.02,39,48,59
001O,60000,04040,OUIGO,Euroduplex,2026-02-23 07:02:00,2026-02-23 08:20:00,0 days 01:18:00,001O_2026-02-23-07.02,39,48,59
001O,04040,71801,OUIGO,Euroduplex,2026-02-23 08:23:00,2026-02-23 09:54:00,0 days 01:31:00,001O_2026-02-23-08.23,29,38,49
002O,60000,04040,OUIGO,Euroduplex,2026-02-23 10:02:00,2026-02-23 11:22:00,0 days 01:20:00,002O_2026-02-23-10.02,29,38,49
023O,60000,04104,OUIGO,Euroduplex,2026-02-23 10:02:00,2026-02-23 12:21:00,0 days 02:19:00,023O_2026-02-23-10.02,39,48,59
002O,60000,71801,OUIGO,Euroduplex,2026-02-23 10:02:00,2026-02-23 13:04:00,0 days 03:02:00,002O_2026-02-23-10.02,39,48,59
002O,04040,71801,OUIGO,Euroduplex,2026-02-23 11:25:00,2026-02-23 13:04:00,0 days 01:39:00,002O_2026-02-23-11.25,25,34,45
001O,04040,04104,OUIGO,Euroduplex,2026-02-23 11:25:00,2026-02-23 12:21:00,0 days 00:56:00,001O_2026-02-23-11.25,25,34,45
003O,60000,71801,OUIGO,Euroduplex,2026-02-23 14:12:00,2026-02-23 16:49:00,0 days 02:37:00,003O_2026-02-23-14.12,33,42,53
004O,60000,71801,OUIGO,Euroduplex,2026-02-23 17:17:00,2026-02-23 19:54:00,0 days 02:37:00,004O_2026-02-23-17.17,25,34,45
005O,60000,71801,OUIGO,Euroduplex,2026-02-23 20:10:00,2026-02-23 23:03:00,0 days 02:53:00,005O_2026-02-23-20.10,35,44,55
003O,60000,04040,OUIGO,Euroduplex,2026-02-23 20:10:00,2026-02-23 21:26:00,0 days 01:16:00,003O_2026-02-23-20.10,33,42,53
006O,60000,71801,OUIGO,Euroduplex,2026-02-23 21:02:00,2026-02-23 23:54:00,0 days 02:52:00,006O_2026-02-23-21.02,29,38,49
004O,60000,04040,OUIGO,Euroduplex,2026-02-23 21:02:00,2026-02-23 22:21:00,0 days 01:19:00,004O_2026-02-23-21.02,29,38,49
003O,04040,71801,OUIGO,Euroduplex,2026-02-23 21:29:00,2026-02-23 23:03:00,0 days 01:34:00,003O_2026-02-23-21.29,15,24,35
004O,04040,71801,OUIGO,Euroduplex,2026-02-23 22:24:00,2026-02-23 23:54:00,0 days 01:30:00,004O_2026-02-23-22.24,15,24,35
001O,60000,71801,OUIGO,Euroduplex,2026-02-24 07:02:00,2026-02-24 09:54:00,0 days 02:52:00,001O_2026-02-24-07.02,33,42,53
001O,60000,04040,OUIGO,Euroduplex,2026-02-24 07:02:00,2026-02-24 08:20:00,0 days 01:18:00,001O_2026-02-24-07.02,19,28,39
001O,04040,71801,OUIGO,Euroduplex,2026-02-24 08:23:00,2026-02-24 09:54:00,0 days 01:31:00,001O_2026-02-24-08.23,25,34,45
002O,60000,04040,OUIGO,Euroduplex,2026-02-24 10:02:00,2026-02-24 11:22:00,0 days 01:20:00,002O_2026-02-24-10.02,29,38,49
002O,60000,71801,OUIGO,Euroduplex,2026-02-24 10:02:00,2026-02-24 13:04:00,0 days 03:02:00,002O_2026-02-24-10.02,29,38,49
024O,60000,04104,OUIGO,Euroduplex,2026-02-24 10:02:00,2026-02-24 12:21:00,0 days 02:19:00,024O_2026-02-24-10.02,29,38,49
002O,04040,71801,OUIGO,Euroduplex,2026-02-24 11:25:00,2026-02-24 13:04:00,0 days 01:39:00,002O_2026-02-24-11.25,19,28,39
001O,04040,04104,OUIGO,Euroduplex,2026-02-24 11:25:00,2026-02-24 12:21:00,0 days 00:56:00,001O_2026-02-24-11.25,19,28,39
003O,60000,71801,OUIGO,Euroduplex,2026-02-24 14:12:00,2026-02-24 16:49:00,0 days 02:37:00,003O_2026-02-24-14.12,33,42,53
004O,60000,71801,OUIGO,Euroduplex,2026-02-24 17:17:00,2026-02-24 19:54:00,0 days 02:37:00,004O_2026-02-24-17.17,39,48,59
003O,60000,04040,OUIGO,Euroduplex,2026-02-24 20:10:00,2026-02-24 21:26:00,0 days 01:16:00,003O_2026-02-24-20.10,25,34,45
005O,60000,71801,OUIGO,Euroduplex,2026-02-24 20:10:00,2026-02-24 23:03:00,0 days 02:53:00,005O_2026-02-24-20.10,33,42,53
006O,60000,71801,OUIGO,Euroduplex,2026-02-24 21:02:00,2026-02-24 23:54:00,0 days 02:52:00,006O_2026-02-24-21.02,39,48,59
004O,60000,04040,OUIGO,Euroduplex,2026-02-24 21:02:00,2026-02-24 22:21:00,0 days 01:19:00,004O_2026-02-24-21.02,29,38,49
003O,04040,71801,OUIGO,Euroduplex,2026-02-24 21:29:00,2026-02-24 23:03:00,0 days 01:34:00,003O_2026-02-24-21.29,22,31,42
004O,04040,71801,OUIGO,Euroduplex,2026-02-24 22:24:00,2026-02-24 23:54:00,0 days 01:30:00,004O_2026-02-24-22.24,19,28,39
001O,60000,04040,OUIGO,Euroduplex,2026-02-25 07:02:00,2026-02-25 08:20:00,0 days 01:18:00,001O_2026-02-25-07.02,22,31,42
001O,60000,71801,OUIGO,Euroduplex,2026-02-25 07:02:00,2026-02-25 09:54:00,0 days 02:52:00,001O_2026-02-25-07.02,33,42,53
001O,04040,71801,OUIGO,Euroduplex,2026-02-25 08:23:00,2026-02-25 09:54:00,0 days 01:31:00,001O_2026-02-25-08.23,25,34,45
026O,60000,04104,OUIGO,Euroduplex,2026-02-25 10:02:00,2026-02-25 12:21:00,0 days 02:19:00,026O_2026-02-25-10.02,33,42,53
002O,60000,04040,OUIGO,Euroduplex,2026-02-25 10:02:00,2026-02-25 11:22:00,0 days 01:20:00,002O_2026-02-25-10.02,25,34,45
002O,60000,71801,OUIGO,Euroduplex,2026-02-25 10:02:00,2026-02-25 13:04:00,0 days 03:02:00,002O_2026-02-25-10.02,33,42,53
001O,04040,04104,OUIGO,Euroduplex,2026-02-25 11:25:00,2026-02-25 12:21:00,0 days 00:56:00,001O_2026-02-25-11.25,35,44,55
002O,04040,71801,OUIGO,Euroduplex,2026-02-25 11:25:00,2026-02-25 13:04:00,0 days 01:39:00,002O_2026-02-25-11.25,35,44,55
003O,60000,71801,OUIGO,Euroduplex,2026-02-25 14:12:00,2026-02-25 16:49:00,0 days 02:37:00,003O_2026-02-25-14.12,39,48,59
004O,60000,71801,OUIGO,Euroduplex,2026-02-25 17:17:00,2026-02-25 19:54:00,0 days 02:37:00,004O_2026-02-25-17.17,42,51,62
005O,60000,71801,OUIGO,Euroduplex,2026-02-25 20:10:00,2026-02-25 23:03:00,0 days 02:53:00,005O_2026-02-25-20.10,33,42,53
003O,60000,04040,OUIGO,Euroduplex,2026-02-25 20:10:00,2026-02-25 21:26:00,0 days 01:16:00,003O_2026-02-25-20.10,22,31,42
006O,60000,71801,OUIGO,Euroduplex,2026-02-25 21:02:00,2026-02-25 23:54:00,0 days 02:52:00,006O_2026-02-25-21.02,25,34,45
004O,60000,04040,OUIGO,Euroduplex,2026-02-25 21:02:00,2026-02-25 22:21:00,0 days 01:19:00,004O_2026-02-25-21.02,22,31,42
003O,04040,71801,OUIGO,Euroduplex,2026-02-25 21:29:00,2026-02-25 23:03:00,0 days 01:34:00,003O_2026-02-25-21.29,19,28,39
004O,04040,71801,OUIGO,Euroduplex,2026-02-25 22:24:00,2026-02-25 23:54:00,0 days 01:30:00,004O_2026-02-25-22.24,15,24,35
001O,60000,71801,OUIGO,Euroduplex,2026-02-26 07:02:00,2026-02-26 09:54:00,0 days 02:52:00,001O_2026-02-26-07.02,29,38,49
001O,60000,04040,OUIGO,Euroduplex,2026-02-26 07:02:00,2026-02-26 08:20:00,0 days 01:18:00,001O_2026-02-26-07.02,22,31,42
001O,04040,71801,OUIGO,Euroduplex,2026-02-26 08:23:00,2026-02-26 09:54:00,0 days 01:31:00,001O_2026-02-26-08.23,29,38,49
026O,60000,04104,OUIGO,Euroduplex,2026-02-26 10:02:00,2026-02-26 12:21:00,0 days 02:19:00,026O_2026-02-26-10.02,33,42,53
002O,60000,71801,OUIGO,Euroduplex,2026-02-26 10:02:00,2026-02-26 13:04:00,0 days 03:02:00,002O_2026-02-26-10.02,33,42,53
002O,60000,04040,OUIGO,Euroduplex,2026-02-26 10:02:00,2026-02-26 11:22:00,0 days 01:20:00,002O_2026-02-26-10.02,19,28,39
002O,04040,71801,OUIGO,Euroduplex,2026-02-26 11:25:00,2026-02-26 13:04:00,0 days 01:39:00,002O_2026-02-26-11.25,19,28,39
001O,04040,04104,OUIGO,Euroduplex,2026-02-26 11:25:00,2026-02-26 12:21:00,0 days 00:56:00,001O_2026-02-26-11.25,19,28,39
003O,60000,71801,OUIGO,Euroduplex,2026-02-26 14:12:00,2026-02-26 16:49:00,0 days 02:37:00,003O_2026-02-26-14.12,33,42,53
004O,60000,71801,OUIGO,Euroduplex,2026-02-26 17:17:00,2026-02-26 19:54:00,0 days 02:37:00,004O_2026-02-26-17.17,42,51,62
005O,60000,71801,OUIGO,Euroduplex,2026-02-26 20:10:00,2026-02-26 23:03:00,0 days 02:53:00,005O_2026-02-26-20.10,55,64,75
003O,60000,04040,OUIGO,Euroduplex,2026-02-26 20:10:00,2026-02-26 21:26:00,0 days 01:16:00,003O_2026-02-26-20.10,35,44,55
004O,60000,04040,OUIGO,Euroduplex,2026-02-26 21:02:00,2026-02-26 22:21:00,0 days 01:19:00,004O_2026-02-26-21.02,29,38,49
006O,60000,71801,OUIGO,Euroduplex,2026-02-26 21:02:00,2026-02-26 23:54:00,0 days 02:52:00,006O_2026-02-26-21.02,25,34,45
003O,04040,71801,OUIGO,Euroduplex,2026-02-26 21:29:00,2026-02-26 23:03:00,0 days 01:34:00,003O_2026-02-26-21.29,35,44,55
004O,04040,71801,OUIGO,Euroduplex,2026-02-26 22:24:00,2026-02-26 23:54:00,0 days 01:30:00,004O_2026-02-26-22.24,29,38,49
001O,60000,04040,OUIGO,Euroduplex,2026-02-27 07:02:00,2026-02-27 08:20:00,0 days 01:18:00,001O_2026-02-27-07.02,29,38,49
001O,60000,71801,OUIGO,Euroduplex,2026-02-27 07:02:00,2026-02-27 09:54:00,0 days 02:52:00,001O_2026-02-27-07.02,35,44,55
001O,04040,71801,OUIGO,Euroduplex,2026-02-27 08:23:00,2026-02-27 09:54:00,0 days 01:31:00,001O_2026-02-27-08.23,29,38,49
002O,60000,71801,OUIGO,Euroduplex,2026-02-27 10:02:00,2026-02-27 13:04:00,0 days 03:02:00,002O_2026-02-27-10.02,42,51,62
027O,60000,04104,OUIGO,Euroduplex,2026-02-27 10:02:00,2026-02-27 12:21:00,0 days 02:19:00,027O_2026-02-27-10.02,42,51,62
002O,60000,04040,OUIGO,Euroduplex,2026-02-27 10:02:00,2026-02-27 11:22:00,0 days 01:20:00,002O_2026-02-27-10.02,39,48,59
002O,04040,71801,OUIGO,Euroduplex,2026-02-27 11:25:00,2026-02-27 13:04:00,0 days 01:39:00,002O_2026-02-27-11.25,33,42,53
001O,04040,04104,OUIGO,Euroduplex,2026-02-27 11:25:00,2026-02-27 12:21:00,0 days 00:56:00,001O_2026-02-27-11.25,33,42,53
003O,60000,71801,OUIGO,Euroduplex,2026-02-27 14:12:00,2026-02-27 16:49:00,0 days 02:37:00,003O_2026-02-27-14.12,49,58,69
004O,60000,71801,OUIGO,Euroduplex,2026-02-27 17:17:00,2026-02-27 19:54:00,0 days 02:37:00,004O_2026-02-27-17.17,55,64,75
005O,60000,71801,OUIGO,Euroduplex,2026-02-27 20:10:00,2026-02-27 23:03:00,0 days 02:53:00,005O_2026-02-27-20.10,55,64,75
003O,60000,04040,OUIGO,Euroduplex,2026-02-27 20:10:00,2026-02-27 21:26:00,0 days 01:16:00,003O_2026-02-27-20.10,49,58,69
006O,60000,71801,OUIGO,Euroduplex,2026-02-27 21:02:00,2026-02-27 23:54:00,0 days 02:52:00,006O_2026-02-27-21.02,33,42,53
004O,60000,04040,OUIGO,Euroduplex,2026-02-27 21:02:00,2026-02-27 22:21:00,0 days 01:19:00,004O_2026-02-27-21.02,29,38,49
003O,04040,71801,OUIGO,Euroduplex,2026-02-27 21:29:00,2026-02-27 23:03:00,0 days 01:34:00,003O_2026-02-27-21.29,29,38,49
004O,04040,71801,OUIGO,Euroduplex,2026-02-27 22:24:00,2026-02-27 23:54:00,0 days 01:30:00,004O_2026-02-27-22.24,29,38,49
001O,60000,71801,OUIGO,Euroduplex,2026-02-28 07:02:00,2026-02-28 09:54:00,0 days 02:52:00,001O_2026-02-28-07.02,49,58,69
001O,60000,04040,OUIGO,Euroduplex,2026-02-28 07:02:00,2026-02-28 08:20:00,0 days 01:18:00,001O_2026-02-28-07.02,19,28,39
001O,04040,71801,OUIGO,Euroduplex,2026-02-28 08:23:00,2026-02-28 09:54:00,0 days 01:31:00,001O_2026-02-28-08.23,29,38,49
002O,60000,71801,OUIGO,Euroduplex,2026-02-28 10:02:00,2026-02-28 13:04:00,0 days 03:02:00,002O_2026-02-28-10.02,39,48,59
002O,60000,04040,OUIGO,Euroduplex,2026-02-28 10:02:00,2026-02-28 11:22:00,0 days 01:20:00,002O_2026-02-28-10.02,35,44,55
002O,04040,71801,OUIGO,Euroduplex,2026-02-28 11:25:00,2026-02-28 13:04:00,0 days 01:39:00,002O_2026-02-28-11.25,19,28,39
001O,04040,04104,OUIGO,Euroduplex,2026-02-28 11:25:00,2026-02-28 12:21:00,0 days 00:56:00,001O_2026-02-28-11.25,19,28,39
003O,60000,71801,OUIGO,Euroduplex,2026-02-28 14:12:00,2026-02-28 16:49:00,0 days 02:37:00,003O_2026-02-28-14.12,39,48,59
004O,60000,71801,OUIGO,Euroduplex,2026-02-28 17:17:00,2026-02-28 19:54:00,0 days 02:37:00,004O_2026-02-28-17.17,35,44,55
005O,60000,71801,OUIGO,Euroduplex,2026-02-28 20:10:00,2026-02-28 23:03:00,0 days 02:53:00,005O_2026-02-28-20.10,45,54,65
003O,60000,04040,OUIGO,Euroduplex,2026-02-28 20:10:00,2026-02-28 21:26:00,0 days 01:16:00,003O_2026-02-28-20.10,45,54,65
006O,60000,71801,OUIGO,Euroduplex,2026-02-28 21:02:00,2026-02-28 23:54:00,0 days 02:52:00,006O_2026-02-28-21.02,35,44,55
004O,60000,04040,OUIGO,Euroduplex,2026-02-28 21:02:00,2026-02-28 22:21:00,0 days 01:19:00,004O_2026-02-28-21.02,19,28,39
003O,04040,71801,OUIGO,Euroduplex,2026-02-28 21:29:00,2026-02-28 23:03:00,0 days 01:34:00,003O_2026-02-28-21.29,33,42,53
004O,04040,71801,OUIGO,Euroduplex,2026-02-28 22:24:00,2026-02-28 23:54:00,0 days 01:30:00,004O_2026-02-28-22.24,25,34,45
029O,60000,04104,OUIGO,Euroduplex,2026-03-01 10:02:00,2026-03-01 12:21:00,0 days 02:19:00,029O_2026-03-01-10.02,39,48,59
