,service_id,stop_id,arrival,departure
0,IRYO_01-11-2025-06.05,60000,0,0
1,IRYO_01-11-2025-06.05,71801,150,150
2,IRYO_01-11-2025-07.30,60000,0,0
3,IRYO_01-11-2025-07.30,04040,80,83
4,IRYO_01-11-2025-07.30,71801,175,175
5,IRYO_01-11-2025-10.35,60000,0,0
6,IRYO_01-11-2025-10.35,71801,150,150
7,IRYO_01-11-2025-14.35,60000,0,0
8,IRYO_01-11-2025-14.35,04040,80,83
9,IRYO_01-11-2025-14.35,04104,140,143
10,IRYO_01-11-2025-14.35,71801,180,180
11,IRYO_01-11-2025-20.35,60000,0,0
12,IRYO_01-11-2025-20.35,71801,150,150
13,IRYO_01-11-2025-06.04,71801,0,0
14,IRYO_01-11-2025-06.04,04040,75,78
15,IRYO_01-11-2025-06.04,60000,175,175
16,IRYO_01-11-2025-10.04,71801,0,0
17,IRYO_01-11-2025-10.04,04104,30,33
18,IRYO_01-11-2025-10.04,04040,90,93
19,IRYO_01-11-2025-10.04,60000,180,180
20,IRYO_01-11-2025-13.04,71801,0,0
21,IRYO_01-11-2025-13.04,60000,150,150
22,IRYO_01-11-2025-17.04,71801,0,0
23,IRYO_01-11-2025-17.04,60000,150,150
24,IRYO_01-11-2025-20.55,71801,0,0
25,IRYO_01-11-2025-20.55,60000,150,150
26,IRYO_02-11-2025-06.05,60000,0,0
27,IRYO_02-11-2025-06.05,71801,150,150
28,IRYO_02-11-2025-07.30,60000,0,0
29,IRYO_02-11-2025-07.30,04040,80,83
30,IRYO_02-11-2025-07.30,71801,175,175
31,IRYO_02-11-2025-10.35,60000,0,0
32,IRYO_02-11-2025-10.35,71801,150,150
33,IRYO_02-11-2025-14.35,60000,0,0
34,IRYO_02-11-2025-14.35,04040,80,83
35,IRYO_02-11-2025-14.35,04104,140,143
36,IRYO_02-11-2025-14.35,71801,180,180
37,IRYO_02-11-2025-20.35,60000,0,0
38,IRYO_02-11-2025-20.35,71801,150,150
39,IRYO_02-11-2025-06.04,71801,0,0
40,IRYO_02-11-2025-06.04,04040,75,78
41,IRYO_02-11-2025-06.04,60000,175,175
42,IRYO_02-11-2025-10.04,71801,0,0
43,IRYO_02-11-2025-10.04,04104,30,33
44,IRYO_02-11-2025-10.04,04040,90,93
45,IRYO_02-11-2025-10.04,60000,180,180
46,IRYO_02-11-2025-13.04,71801,0,0
47,IRYO_02-11-2025-13.04,60000,150,150
48,IRYO_02-11-2025-17.04,71801,0,0
49,IRYO_02-11-2025-17.04,60000,150,150
50,IRYO_02-11-2025-20.55,71801,0,0
51,IRYO_02-11-2025-20.55,60000,150,150
52,IRYO_03-11-2025-06.05,60000,0,0
53,IRYO_03-11-2025-06.05,71801,150,150
54,IRYO_03-11-2025-07.30,60000,0,0
55,IRYO_03-11-2025-07.30,04040,80,83
56,IRYO_03-11-2025-07.30,71801,175,175
57,IRYO_03-11-2025-10.35,60000,0,0
58,IRYO_03-11-2025-10.35,71801,150,150
59,IRYO_03-11-2025-14.35,60000,0,0
60,IRYO_03-11-2025-14.35,04040,80,83
61,IRYO_03-11-2025-14.35,04104,140,143
62,IRYO_03-11-2025-14.35,71801,180,180
63,IRYO_03-11-2025-20.35,60000,0,0
64,IRYO_03-11-2025-20.35,71801,150,150
65,IRYO_03-11-2025-06.04,71801,0,0
66,IRYO_03-11-2025-06.04,04040,75,78
67,IRYO_03-11-2025-06.04,60000,175,175
68,IRYO_03-11-2025-10.04,71801,0,0
69,IRYO_03-11-2025-10.04,04104,30,33
70,IRYO_03-11-2025-10.04,04040,90,93
71,IRYO_03-11-2025-10.04,60000,180,180
72,IRYO_03-11-2025-13.04,71801,0,0
73,IRYO_03-11-2025-13.04,60000,150,150
74,IRYO_03-11-2025-17.04,71801,0,0
75,IRYO_03-11-2025-17.04,60000,150,150
76,IRYO_03-11-2025-20.55,71801,0,0
77,IRYO_03-11-2025-20.55,60000,150,150
78,IRYO_04-11-2025-06.05,60000,0,0
79,IRYO_04-11-2025-06.05,71801,150,150
80,IRYO_04-11-2025-07.30,60000,0,0
81,IRYO_04-11-2025-07.30,04040,80,83
82,IRYO_04-11-2025-07.30,71801,175,175
83,IRYO_04-11-2025-10.35,60000,0,0
84,IRYO_04-11-2025-10.35,71801,150,150
85,IRYO_04-11-2025-14.35,60000,0,0
86,IRYO_04-11-2025-14.35,04040,80,83
87,IRYO_04-11-2025-14.35,04104,140,143
88,IRYO_04-11-2025-14.35,71801,180,180
89,IRYO_04-11-2025-20.35,60000,0,0
90,IRYO_04-11-2025-20.35,71801,150,150
91,IRYO_04-11-2025-06.04,71801,0,0
92,IRYO_04-11-2025-06.04,04040,75,78
93,IRYO_04-11-2025-06.04,60000,175,175
94,IRYO_04-11-2025-10.04,71801,0,0
95,IRYO_04-11-2025-10.04,04104,30,33
96,IRYO_04-11-2025-10.04,04040,90,93
97,IRYO_04-11-2025-10.04,60000,180,180
98,IRYO_04-11-2025-13.04,71801,0,0
99,IRYO_04-11-2025-13.04,60000,150,150
100,IRYO_04-11-2025-17.04,71801,0,0
101,IRYO_04-11-2025-17.04,60000,150,150
102,IRYO_04-11-2025-20.55,71801,0,0
103,IRYO_04-11-2025-20.55,60000,150,150
104,IRYO_05-11-2025-06.05,60000,0,0
105,IRYO_05-11-2025-06.05,71801,150,150
106,IRYO_05-11-2025-07.30,60000,0,0
107,IRYO_05-11-2025-07.30,04040,80,83
108,IRYO_05-11-2025-07.30,71801,175,175
109,IRYO_05-11-2025-10.35,60000,0,0
110,IRYO_05-11-2025-10.35,71801,150,150
111,IRYO_05-11-2025-14.35,60000,0,0
112,IRYO_05-11-2025-14.35,04040,80,83
113,IRYO_05-11-2025-14.35,04104,140,143
114,IRYO_05-11-2025-14.35,71801,180,180
115,IRYO_05-11-2025-20.35,60000,0,0
116,IRYO_05-11-2025-20.35,71801,150,150
117,IRYO_05-11-2025-06.04,71801,0,0
118,IRYO_05-11-2025-06.04,04040,75,78
119,IRYO_05-11-2025-06.04,60000,175,175
120,IRYO_05-11-2025-10.04,71801,0,0
121,IRYO_05-11-2025-10.04,04104,30,33
122,IRYO_05-11-2025-10.04,04040,90,93
123,IRYO_05-11-2025-10.04,60000,180,180
124,IRYO_05-11-2025-13.04,71801,0,0
125,IRYO_05-11-2025-13.04,60000,150,150
126,IRYO_05-11-2025-17.04,71801,0,0
127,IRYO_05-11-2025-17.04,60000,150,150
128,IRYO_05-11-2025-20.55,71801,0,0
129,IRYO_05-11-2025-20.55,60000,150,150
130,IRYO_06-11-2025-06.05,60000,0,0
131,IRYO_06-11-2025-06.05,71801,150,150
132,IRYO_06-11-2025-07.30,60000,0,0
133,IRYO_06-11-2025-07.30,04040,80,83
134,IRYO_06-11-2025-07.30,71801,175,175
135,IRYO_06-11-2025-10.35,60000,0,0
136,IRYO_06-11-2025-10.35,71801,150,150
137,IRYO_06-11-2025-14.35,60000,0,0
138,IRYO_06-11-2025-14.35,04040,80,83
139,IRYO_06-11-2025-14.35,04104,140,143
140,IRYO_06-11-2025-14.35,71801,180,180
141,IRYO_06-11-2025-20.35,60000,0,0
142,IRYO_06-11-2025-20.35,71801,150,150
143,IRYO_06-11-2025-06.04,71801,0,0
144,IRYO_06-11-2025-06.04,04040,75,78
145,IRYO_06-11-2025-06.04,60000,175,175
146,IRYO_06-11-2025-10.04,71801,0,0
147,IRYO_06-11-2025-10.04,04104,30,33
148,IRYO_06-11-2025-10.04,04040,90,93
149,IRYO_06-11-2025-10.04,60000,180,180
150,IRYO_06-11-2025-13.04,71801,0,0
151,IRYO_06-11-2025-13.04,60000,150,150
152,IRYO_06-11-2025-17.04,71801,0,0
153,IRYO_06-11-2025-17.04,60000,150,150
154,IRYO_06-11-2025-20.55,71801,0,0
155,IRYO_06-11-2025-20.55,60000,150,150
156,IRYO_07-11-2025-06.05,60000,0,0
157,IRYO_07-11-2025-06.05,71801,150,150
158,IRYO_07-11-2025-07.30,60000,0,0
159,IRYO_07-11-2025-07.30,04040,80,83
160,IRYO_07-11-2025-07.30,71801,175,175
161,IRYO_07-11-2025-10.35,60000,0,0
162,IRYO_07-11-2025-10.35,71801,150,150
163,IRYO_07-11-2025-14.35,60000,0,0
164,IRYO_07-11-2025-14.35,04040,80,83
165,IRYO_07-11-2025-14.35,04104,140,143
166,IRYO_07-11-2025-14.35,71801,180,180
167,IRYO_07-11-2025-20.35,60000,0,0
168,IRYO_07-11-2025-20.35,71801,150,150
169,IRYO_07-11-2025-06.04,71801,0,0
170,IRYO_07-11-2025-06.04,04040,75,78
171,IRYO_07-11-2025-06.04,60000,175,175
172,IRYO_07-11-2025-10.04,71801,0,0
173,IRYO_07-11-2025-10.04,04104,30,33
174,IRYO_07-11-2025-10.04,04040,90,93
175,IRYO_07-11-2025-10.04,60000,180,180
176,IRYO_07-11-2025-13.04,71801,0,0
177,IRYO_07-11-2025-13.04,60000,150,150
178,IRYO_07-11-2025-17.04,71801,0,0
179,IRYO_07-11-2025-17.04,60000,150,150
180,IRYO_07-11-2025-20.55,71801,0,0
181,IRYO_07-11-2025-20.55,60000,150,150
182,IRYO_08-11-2025-06.05,60000,0,0
183,IRYO_08-11-2025-06.05,71801,150,150
184,IRYO_08-11-2025-07.30,60000,0,0
185,IRYO_08-11-2025-07.30,04040,80,83
186,IRYO_08-11-2025-07.30,71801,175,175
187,IRYO_08-11-2025-10.35,60000,0,0
188,IRYO_08-11-2025-10.35,71801,150,150
189,IRYO_08-11-2025-14.35,60000,0,0
190,IRYO_08-11-2025-14.35,04040,80,83
191,IRYO_08-11-2025-14.35,04104,140,143
192,IRYO_08-11-2025-14.35,71801,180,180
193,IRYO_08-11-2025-20.35,60000,0,0
194,IRYO_08-11-2025-20.35,71801,150,150
195,IRYO_08-11-2025-06.04,71801,0,0
196,IRYO_08-11-2025-06.04,04040,75,78
197,IRYO_08-11-2025-06.04,60000,175,175
198,IRYO_08-11-2025-10.04,71801,0,0
199,IRYO_08-11-2025-10.04,04104,30,33
200,IRYO_08-11-2025-10.04,04040,90,93
201,IRYO_08-11-2025-10.04,60000,180,180
202,IRYO_08-11-2025-13.04,71801,0,0
203,IRYO_08-11-2025-13.04,60000,150,150
204,IRYO_08-11-2025-17.04,71801,0,0
205,IRYO_08-11-2025-17.04,60000,150,150
206,IRYO_08-11-2025-20.55,71801,0,0
207,IRYO_08-11-2025-20.55,60000,150,150
208,IRYO_09-11-2025-06.05,60000,0,0
209,IRYO_09-11-2025-06.05,71801,150,150
210,IRYO_09-11-2025-07.30,60000,0,0
211,IRYO_09-11-2025-07.30,04040,80,83
212,IRYO_09-11-2025-07.30,71801,175,175
213,IRYO_09-11-2025-10.35,60000,0,0
214,IRYO_09-11-2025-10.35,71801,150,150
215,IRYO_09-11-2025-14.35,60000,0,0
216,IRYO_09-11-2025-14.35,04040,80,83
217,IRYO_09-11-2025-14.35,04104,140,143
218,IRYO_09-11-2025-14.35,71801,180,180
219,IRYO_09-11-2025-20.35,60000,0,0
220,IRYO_09-11-2025-20.35,71801,150,150
221,IRYO_09-11-2025-06.04,71801,0,0
222,IRYO_09-11-2025-06.04,04040,75,78
223,IRYO_09-11-2025-06.04,60000,175,175
224,IRYO_09-11-2025-10.04,71801,0,0
225,IRYO_09-11-2025-10.04,04104,30,33
226,IRYO_09-11-2025-10.04,04040,90,93
227,IRYO_09-11-2025-10.04,60000,180,180
228,IRYO_09-11-2025-13.04,71801,0,0
229,IRYO_09-11-2025-13.04,60000,150,150
230,IRYO_09-11-2025-17.04,71801,0,0
231,IRYO_09-11-2025-17.04,60000,150,150
232,IRYO_09-11-2025-20.55,71801,0,0
233,IRYO_09-11-2025-20.55,60000,150,150
234,IRYO_10-11-2025-06.05,60000,0,0
235,IRYO_10-11-2025-06.05,71801,150,150
236,IRYO_10-11-2025-07.30,60000,0,0
237,IRYO_10-11-2025-07.30,04040,80,83
238,IRYO_10-11-2025-07.30,71801,175,175
239,IRYO_10-11-2025-10.35,60000,0,0
240,IRYO_10-11-2025-10.35,71801,150,150
241,IRYO_10-11-2025-14.35,60000,0,0
242,IRYO_10-11-2025-14.35,04040,80,83
243,IRYO_10-11-2025-14.35,04104,140,143
244,IRYO_10-11-2025-14.35,71801,180,180
245,IRYO_10-11-2025-20.35,60000,0,0
246,IRYO_10-11-2025-20.35,71801,150,150
247,IRYO_10-11-2025-06.04,71801,0,0
248,IRYO_10-11-2025-06.04,04040,75,78
249,IRYO_10-11-2025-06.04,60000,175,175
250,IRYO_10-11-2025-10.04,71801,0,0
251,IRYO_10-11-2025-10.04,04104,30,33
252,IRYO_10-11-2025-10.04,04040,90,93
253,IRYO_10-11-2025-10.04,60000,180,180
254,IRYO_10-11-2025-13.04,71801,0,0
255,IRYO_10-11-2025-13.04,60000,150,150
256,IRYO_10-11-2025-17.04,71801,0,0
257,IRYO_10-11-2025-17.04,60000,150,150
258,IRYO_10-11-2025-20.55,71801,0,0
259,IRYO_10-11-2025-20.55,60000,150,150
260,IRYO_11-11-2025-06.05,60000,0,0
261,IRYO_11-11-2025-06.05,71801,150,150
262,IRYO_11-11-2025-07.30,60000,0,0
263,IRYO_11-11-2025-07.30,04040,80,83
264,IRYO_11-11-2025-07.30,71801,175,175
265,IRYO_11-11-2025-10.35,60000,0,0
266,IRYO_11-11-2025-10.35,71801,150,150
267,IRYO_11-11-2025-14.35,60000,0,0
268,IRYO_11-11-2025-14.35,04040,80,83
269,IRYO_11-11-2025-14.35,04104,140,143
270,IRYO_11-11-2025-14.35,71801,180,180
271,IRYO_11-11-2025-20.35,60000,0,0
272,IRYO_11-11-2025-20.35,71801,150,150
273,IRYO_11-11-2025-06.04,71801,0,0
274,IRYO_11-11-2025-06.04,04040,75,78
275,IRYO_11-11-2025-06.04,60000,175,175
276,IRYO_11-11-2025-10.04,71801,0,0
277,IRYO_11-11-2025-10.04,04104,30,33
278,IRYO_11-11-2025-10.04,04040,90,93
279,IRYO_11-11-2025-10.04,60000,180,180
280,IRYO_11-11-2025-13.04,71801,0,0
281,IRYO_11-11-2025-13.04,60000,150,150
282,IRYO_11-11-2025-17.04,71801,0,0
283,IRYO_11-11-2025-17.04,60000,150,150
284,IRYO_11-11-2025-20.55,71801,0,0
285,IRYO_11-11-2025-20.55,60000,150,150
286,IRYO_12-11-2025-06.05,60000,0,0
287,IRYO_12-11-2025-06.05,71801,150,150
288,IRYO_12-11-2025-07.30,60000,0,0
289,IRYO_12-11-2025-07.30,04040,80,83
290,IRYO_12-11-2025-07.30,71801,175,175
291,IRYO_12-11-2025-10.35,60000,0,0
292,IRYO_12-11-2025-10.35,71801,150,150
293,IRYO_12-11-2025-14.35,60000,0,0
294,IRYO_12-11-2025-14.35,04040,80,83
295,IRYO_12-11-2025-14.35,04104,140,143
296,IRYO_12-11-2025-14.35,71801,180,180
297,IRYO_12-11-2025-20.35,60000,0,0
298,IRYO_12-11-2025-20.35,71801,150,150
299,IRYO_12-11-2025-06.04,71801,0,0
300,IRYO_12-11-2025-06.04,04040,75,78
301,IRYO_12-11-2025-06.04,60000,175,175
302,IRYO_12-11-2025-10.04,71801,0,0
303,IRYO_12-11-2025-10.04,04104,30,33
304,IRYO_12-11-2025-10.04,04040,90,93
305,IRYO_12-11-2025-10.04,60000,180,180
306,IRYO_12-11-2025-13.04,71801,0,0
307,IRYO_12-11-2025-13.04,60000,150,150
308,IRYO_12-11-2025-17.04,71801,0,0
309,IRYO_12-11-2025-17.04,60000,150,150
310,IRYO_12-11-2025-20.55,71801,0,0
311,IRYO_12-11-2025-20.55,60000,150,150
312,IRYO_13-11-2025-06.05,60000,0,0
313,IRYO_13-11-2025-06.05,71801,150,150
314,IRYO_13-11-2025-07.30,60000,0,0
315,IRYO_13-11-2025-07.30,04040,80,83
316,IRYO_13-11-2025-07.30,71801,175,175
317,IRYO_13-11-2025-10.35,60000,0,0
318,IRYO_13-11-2025-10.35,71801,150,150
319,IRYO_13-11-2025-14.35,60000,0,0
320,IRYO_13-11-2025-14.35,04040,80,83
321,IRYO_13-11-2025-14.35,04104,140,143
322,IRYO_13-11-2025-14.35,71801,180,180
323,IRYO_13-11-2025-20.35,60000,0,0
324,IRYO_13-11-2025-20.35,71801,150,150
325,IRYO_13-11-2025-06.04,71801,0,0
326,IRYO_13-11-2025-06.04,04040,75,78
327,IRYO_13-11-2025-06.04,60000,175,175
328,IRYO_13-11-2025-10.04,71801,0,0
329,IRYO_13-11-2025-10.04,04104,30,33
330,IRYO_13-11-2025-10.04,04040,90,93
331,IRYO_13-11-2025-10.04,60000,180,180
332,IRYO_13-11-2025-13.04,71801,0,0
333,IRYO_13-11-2025-13.04,60000,150,150
334,IRYO_13-11-2025-17.04,71801,0,0
335,IRYO_13-11-2025-17.04,60000,150,150
336,IRYO_13-11-2025-20.55,71801,0,0
337,IRYO_13-11-2025-20.55,60000,150,150
338,IRYO_14-11-2025-06.05,60000,0,0
339,IRYO_14-11-2025-06.05,71801,150,150
340,IRYO_14-11-2025-07.30,60000,0,0
341,IRYO_14-11-2025-07.30,04040,80,83
342,IRYO_14-11-2025-07.30,71801,175,175
343,IRYO_14-11-2025-10.35,60000,0,0
344,IRYO_14-11-2025-10.35,71801,150,150
345,IRYO_14-11-2025-14.35,60000,0,0
346,IRYO_14-11-2025-14.35,04040,80,83
347,IRYO_14-11-2025-14.35,04104,140,143
348,IRYO_14-11-2025-14.35,71801,180,180
349,IRYO_14-11-2025-20.35,60000,0,0
350,IRYO_14-11-2025-20.35,71801,150,150
351,IRYO_14-11-2025-06.04,71801,0,0
352,IRYO_14-11-2025-06.04,04040,75,78
353,IRYO_14-11-2025-06.04,60000,175,175
354,IRYO_14-11-2025-10.04,71801,0,0
355,IRYO_14-11-2025-10.04,04104,30,33
356,IRYO_14-11-2025-10.04,04040,90,93
357,IRYO_14-11-2025-10.04,60000,180,180
358,IRYO_14-11-2025-13.04,71801,0,0
359,IRYO_14-11-2025-13.04,60000,150,150
360,IRYO_14-11-2025-17.04,71801,0,0
361,IRYO_14-11-2025-17.04,60000,150,150
362,IRYO_14-11-2025-20.55,71801,0,0
363,IRYO_14-11-2025-20.55,60000,150,150
364,IRYO_15-11-2025-06.05,60000,0,0
365,IRYO_15-11-2025-06.05,71801,150,150
366,IRYO_15-11-2025-07.30,60000,0,0
367,IRYO_15-11-2025-07.30,04040,80,83
368,IRYO_15-11-2025-07.30,71801,175,175
369,IRYO_15-11-2025-10.35,60000,0,0
370,IRYO_15-11-2025-10.35,71801,150,150
371,IRYO_15-11-2025-14.35,60000,0,0
372,IRYO_15-11-2025-14.35,04040,80,83
373,IRYO_15-11-2025-14.35,04104,140,143
374,IRYO_15-11-2025-14.35,71801,180,180
375,IRYO_15-11-2025-20.35,60000,0,0
376,IRYO_15-11-2025-20.35,71801,150,150
377,IRYO_15-11-2025-06.04,71801,0,0
378,IRYO_15-11-2025-06.04,04040,75,78
379,IRYO_15-11-2025-06.04,60000,175,175
380,IRYO_15-11-2025-10.04,71801,0,0
381,IRYO_15-11-2025-10.04,04104,30,33
382,IRYO_15-11-2025-10.04,04040,90,93
383,IRYO_15-11-2025-10.04,60000,180,180
384,IRYO_15-11-2025-13.04,71801,0,0
385,IRYO_15-11-2025-13.04,60000,150,150
386,IRYO_15-11-2025-17.04,71801,0,0
387,IRYO_15-11-2025-17.04,60000,150,150
388,IRYO_15-11-2025-20.55,71801,0,0
389,IRYO_15-11-2025-20.55,60000,150,150
390,IRYO_16-11-2025-06.05,60000,0,0
391,IRYO_16-11-2025-06.05,71801,150,150
392,IRYO_16-11-2025-07.30,60000,0,0
393,IRYO_16-11-2025-07.30,04040,80,83
394,IRYO_16-11-2025-07.30,71801,175,175
395,IRYO_16-11-2025-10.35,60000,0,0
396,IRYO_16-11-2025-10.35,71801,150,150
397,IRYO_16-11-2025-14.35,60000,0,0
398,IRYO_16-11-2025-14.35,04040,80,83
399,IRYO_16-11-2025-14.35,04104,140,143
400,IRYO_16-11-2025-14.35,71801,180,180
401,IRYO_16-11-2025-20.35,60000,0,0
402,IRYO_16-11-2025-20.35,71801,150,150
403,IRYO_16-11-2025-06.04,71801,0,0
404,IRYO_16-11-2025-06.04,04040,75,78
405,IRYO_16-11-2025-06.04,60000,175,175
406,IRYO_16-11-2025-10.04,71801,0,0
407,IRYO_16-11-2025-10.04,04104,30,33
408,IRYO_16-11-2025-10.04,04040,90,93
409,IRYO_16-11-2025-10.04,60000,180,180
410,IRYO_16-11-2025-13.04,71801,0,0
411,IRYO_16-11-2025-13.04,60000,150,150
412,IRYO_16-11-2025-17.04,71801,0,0
413,IRYO_16-11-2025-17.04,60000,150,150
414,IRYO_16-11-2025-20.55,71801,0,0
415,IRYO_16-11-2025-20.55,60000,150,150
416,IRYO_17-11-2025-06.05,60000,0,0
417,IRYO_17-11-2025-06.05,71801,150,150
418,IRYO_17-11-2025-07.30,60000,0,0
419,IRYO_17-11-2025-07.30,04040,80,83
420,IRYO_17-11-2025-07.30,71801,175,175
421,IRYO_17-11-2025-10.35,60000,0,0
422,IRYO_17-11-2025-10.35,71801,150,150
423,IRYO_17-11-2025-14.35,60000,0,0
424,IRYO_17-11-2025-14.35,04040,80,83
425,IRYO_17-11-2025-14.35,04104,140,143
426,IRYO_17-11-2025-14.35,71801,180,180
427,IRYO_17-11-2025-20.35,60000,0,0
428,IRYO_17-11-2025-20.35,71801,150,150
429,IRYO_17-11-2025-06.04,71801,0,0
430,IRYO_17-11-2025-06.04,04040,75,78
431,IRYO_17-11-2025-06.04,60000,175,175
432,IRYO_17-11-2025-10.04,71801,0,0
433,IRYO_17-11-2025-10.04,04104,30,33
434,IRYO_17-11-2025-10.04,04040,90,93
435,IRYO_17-11-2025-10.04,60000,180,180
436,IRYO_17-11-2025-13.04,71801,0,0
437,IRYO_17-11-2025-13.04,60000,150,150
438,IRYO_17-11-2025-17.04,71801,0,0
439,IRYO_17-11-2025-17.04,60000,150,150
440,IRYO_17-11-2025-20.55,71801,0,0
441,IRYO_17-11-2025-20.55,60000,150,150
442,IRYO_18-11-2025-06.05,60000,0,0
443,IRYO_18-11-2025-06.05,71801,150,150
444,IRYO_18-11-2025-07.30,60000,0,0
445,IRYO_18-11-2025-07.30,04040,80,83
446,IRYO_18-11-2025-07.30,71801,175,175
447,IRYO_18-11-2025-10.35,60000,0,0
448,IRYO_18-11-2025-10.35,71801,150,150
449,IRYO_18-11-2025-14.35,60000,0,0
450,IRYO_18-11-2025-14.35,04040,80,83
451,IRYO_18-11-2025-14.35,04104,140,143
452,IRYO_18-11-2025-14.35,71801,180,180
453,IRYO_18-11-2025-20.35,60000,0,0
454,IRYO_18-11-2025-20.35,71801,150,150
455,IRYO_18-11-2025-06.04,71801,0,0
456,IRYO_18-11-2025-06.04,04040,75,78
457,IRYO_18-11-2025-06.04,60000,175,175
458,IRYO_18-11-2025-10.04,71801,0,0
459,IRYO_18-11-2025-10.04,04104,30,33
460,IRYO_18-11-2025-10.04,04040,90,93
461,IRYO_18-11-2025-10.04,60000,180,180
462,IRYO_18-11-2025-13.04,71801,0,0
463,IRYO_18-11-2025-13.04,60000,150,150
464,IRYO_18-11-2025-17.04,71801,0,0
465,IRYO_18-11-2025-17.04,60000,150,150
466,IRYO_18-11-2025-20.55,71801,0,0
467,IRYO_18-11-2025-20.55,60000,150,150
468,IRYO_19-11-2025-06.05,60000,0,0
469,IRYO_19-11-2025-06.05,71801,150,150
470,IRYO_19-11-2025-07.30,60000,0,0
471,IRYO_19-11-2025-07.30,04040,80,83
472,IRYO_19-11-2025-07.30,71801,175,175
473,IRYO_19-11-2025-10.35,60000,0,0
474,IRYO_19-11-2025-10.35,71801,150,150
475,IRYO_19-11-2025-14.35,60000,0,0
476,IRYO_19-11-2025-14.35,04040,80,83
477,IRYO_19-11-2025-14.35,04104,140,143
478,IRYO_19-11-2025-14.35,71801,180,180
479,IRYO_19-11-2025-20.35,60000,0,0
480,IRYO_19-11-2025-20.35,71801,150,150
481,IRYO_19-11-2025-06.04,71801,0,0
482,IRYO_19-11-2025-06.04,04040,75,78
483,IRYO_19-11-2025-06.04,60000,175,175
484,IRYO_19-11-2025-10.04,71801,0,0
485,IRYO_19-11-2025-10.04,04104,30,33
486,IRYO_19-11-2025-10.04,04040,90,93
487,IRYO_19-11-2025-10.04,60000,180,180
488,IRYO_19-11-2025-13.04,71801,0,0
489,IRYO_19-11-2025-13.04,60000,150,150
490,IRYO_19-11-2025-17.04,71801,0,0
491,IRYO_19-11-2025-17.04,60000,150,150
492,IRYO_19-11-2025-20.55,71801,0,0
493,IRYO_19-11-2025-20.55,60000,150,150
494,IRYO_20-11-2025-06.05,60000,0,0
495,IRYO_20-11-2025-06.05,71801,150,150
496,IRYO_20-11-2025-07.30,60000,0,0
497,IRYO_20-11-2025-07.30,04040,80,83
498,IRYO_20-11-2025-07.30,71801,175,175
499,IRYO_20-11-2025-10.35,60000,0,0
500,IRYO_20-11-2025-10.35,71801,150,150
501,IRYO_20-11-2025-14.35,60000,0,0
502,IRYO_20-11-2025-14.35,04040,80,83
503,IRYO_20-11-2025-14.35,04104,140,143
504,IRYO_20-11-2025-14.35,71801,180,180
505,IRYO_20-11-2025-20.35,60000,0,0
506,IRYO_20-11-2025-20.35,71801,150,150
507,IRYO_20-11-2025-06.04,71801,0,0
508,IRYO_20-11-2025-06.04,04040,75,78
509,IRYO_20-11-2025-06.04,60000,175,175
510,IRYO_20-11-2025-10.04,71801,0,0
511,IRYO_20-11-2025-10.04,04104,30,33
512,IRYO_20-11-2025-10.04,04040,90,93
513,IRYO_20-11-2025-10.04,60000,180,180
514,IRYO_20-11-2025-13.04,71801,0,0
515,IRYO_20-11-2025-13.04,60000,150,150
516,IRYO_20-11-2025-17.04,71801,0,0
517,IRYO_20-11-2025-17.04,60000,150,150
518,IRYO_20-11-2025-20.55,71801,0,0
519,IRYO_20-11-2025-20.55,60000,150,150
520,IRYO_21-11-2025-06.05,60000,0,0
521,IRYO_21-11-2025-06.05,71801,150,150
522,IRYO_21-11-2025-07.30,60000,0,0
523,IRYO_21-11-2025-07.30,04040,80,83
524,IRYO_21-11-2025-07.30,71801,175,175
525,IRYO_21-11-2025-10.35,60000,0,0
526,IRYO_21-11-2025-10.35,71801,150,150
527,IRYO_21-11-2025-14.35,60000,0,0
528,IRYO_21-11-2025-14.35,04040,80,83
529,IRYO_21-11-2025-14.35,04104,140,143
530,IRYO_21-11-2025-14.35,71801,180,180
531,IRYO_21-11-2025-20.35,60000,0,0
532,IRYO_21-11-2025-20.35,71801,150,150
533,IRYO_21-11-2025-06.04,71801,0,0
534,IRYO_21-11-2025-06.04,04040,75,78
535,IRYO_21-11-2025-06.04,60000,175,175
536,IRYO_21-11-2025-10.04,71801,0,0
537,IRYO_21-11-2025-10.04,04104,30,33
538,IRYO_21-11-2025-10.04,04040,90,93
539,IRYO_21-11-2025-10.04,60000,180,180
540,IRYO_21-11-2025-13.04,71801,0,0
541,IRYO_21-11-2025-13.04,60000,150,150
542,IRYO_21-11-2025-17.04,71801,0,0
543,IRYO_21-11-2025-17.04,60000,150,150
544,IRYO_21-11-2025-20.55,71801,0,0
545,IRYO_21-11-2025-20.55,60000,150,150
546,IRYO_22-11-2025-06.05,60000,0,0
547,IRYO_22-11-2025-06.05,71801,150,150
548,IRYO_22-11-2025-07.30,60000,0,0
549,IRYO_22-11-2025-07.30,04040,80,83
550,IRYO_22-11-2025-07.30,71801,175,175
551,IRYO_22-11-2025-10.35,60000,0,0
552,IRYO_22-11-2025-10.35,71801,150,150
553,IRYO_22-11-2025-14.35,60000,0,0
554,IRYO_22-11-2025-14.35,04040,80,83
555,IRYO_22-11-2025-14.35,04104,140,143
556,IRYO_22-11-2025-14.35,71801,180,180
557,IRYO_22-11-2025-20.35,60000,0,0
558,IRYO_22-11-2025-20.35,71801,150,150
559,IRYO_22-11-2025-06.04,71801,0,0
560,IRYO_22-11-2025-06.04,04040,75,78
561,IRYO_22-11-2025-06.04,60000,175,175
562,IRYO_22-11-2025-10.04,71801,0,0
563,IRYO_22-11-2025-10.04,04104,30,33
564,IRYO_22-11-2025-10.04,04040,90,93
565,IRYO_22-11-2025-10.04,60000,180,180
566,IRYO_22-11-2025-13.04,71801,0,0
567,IRYO_22-11-2025-13.04,60000,150,150
568,IRYO_22-11-2025-17.04,71801,0,0
569,IRYO_22-11-2025-17.04,60000,150,150
570,IRYO_22-11-2025-20.55,71801,0,0
571,IRYO_22-11-2025-20.55,60000,150,150
572,IRYO_23-11-2025-06.05,60000,0,0
573,IRYO_23-11-2025-06.05,71801,150,150
574,IRYO_23-11-2025-07.30,60000,0,0
575,IRYO_23-11-2025-07.30,04040,80,83
576,IRYO_23-11-2025-07.30,71801,175,175
577,IRYO_23-11-2025-10.35,60000,0,0
578,IRYO_23-11-2025-10.35,71801,150,150
579,IRYO_23-11-2025-14.35,60000,0,0
580,IRYO_23-11-2025-14.35,04040,80,83
581,IRYO_23-11-2025-14.35,04104,140,143
582,IRYO_23-11-2025-14.35,71801,180,180
583,IRYO_23-11-2025-20.35,60000,0,0
584,IRYO_23-11-2025-20.35,71801,150,150
585,IRYO_23-11-2025-06.04,71801,0,0
586,IRYO_23-11-2025-06.04,04040,75,78
587,IRYO_23-11-2025-06.04,60000,175,175
588,IRYO_23-11-2025-10.04,71801,0,0
589,IRYO_23-11-2025-10.04,04104,30,33
590,IRYO_23-11-2025-10.04,04040,90,93
591,IRYO_23-11-2025-10.04,60000,180,180
592,IRYO_23-11-2025-13.04,71801,0,0
593,IRYO_23-11-2025-13.04,60000,150,150
594,IRYO_23-11-2025-17.04,71801,0,0
595,IRYO_23-11-2025-17.04,60000,150,150
596,IRYO_23-11-2025-20.55,71801,0,0
597,IRYO_23-11-2025-20.55,60000,150,150
598,IRYO_24-11-2025-06.05,60000,0,0
599,IRYO_24-11-2025-06.05,71801,150,150
600,IRYO_24-11-2025-07.30,60000,0,0
601,IRYO_24-11-2025-07.30,04040,80,83
602,IRYO_24-11-2025-07.30,71801,175,175
603,IRYO_24-11-2025-10.35,60000,0,0
604,IRYO_24-11-2025-10.35,71801,150,150
605,IRYO_24-11-2025-14.35,60000,0,0
606,IRYO_24-11-2025-14.35,04040,80,83
607,IRYO_24-11-2025-14.35,04104,140,143
608,IRYO_24-11-2025-14.35,71801,180,180
609,IRYO_24-11-2025-20.35,60000,0,0
610,IRYO_24-11-2025-20.35,71801,150,150
611,IRYO_24-11-2025-06.04,71801,0,0
612,IRYO_24-11-2025-06.04,04040,75,78
613,IRYO_24-11-2025-06.04,60000,175,175
614,IRYO_24-11-2025-10.04,71801,0,0
615,IRYO_24-11-2025-10.04,04104,30,33
616,IRYO_24-11-2025-10.04,04040,90,93
617,IRYO_24-11-2025-10.04,60000,180,180
618,IRYO_24-11-2025-13.04,71801,0,0
619,IRYO_24-11-2025-13.04,60000,150,150
620,IRYO_24-11-2025-17.04,71801,0,0
621,IRYO_24-11-2025-17.04,60000,150,150
622,IRYO_24-11-2025-20.55,71801,0,0
623,IRYO_24-11-2025-20.55,60000,150,150
624,IRYO_25-11-2025-06.05,60000,0,0
625,IRYO_25-11-2025-06.05,71801,150,150
626,IRYO_25-11-2025-07.30,60000,0,0
627,IRYO_25-11-2025-07.30,04040,80,83
628,IRYO_25-11-2025-07.30,71801,175,175
629,IRYO_25-11-2025-10.35,60000,0,0
630,IRYO_25-11-2025-10.35,71801,150,150
631,IRYO_25-11-2025-14.35,60000,0,0
632,IRYO_25-11-2025-14.35,04040,80,83
633,IRYO_25-11-2025-14.35,04104,140,143
634,IRYO_25-11-2025-14.35,71801,180,180
635,IRYO_25-11-2025-20.35,60000,0,0
636,IRYO_25-11-2025-20.35,71801,150,150
637,IRYO_25-11-2025-06.04,71801,0,0
638,IRYO_25-11-2025-06.04,04040,75,78
639,IRYO_25-11-2025-06.04,60000,175,175
640,IRYO_25-11-2025-10.04,71801,0,0
641,IRYO_25-11-2025-10.04,04104,30,33
642,IRYO_25-11-2025-10.04,04040,90,93
643,IRYO_25-11-2025-10.04,60000,180,180
644,IRYO_25-11-2025-13.04,71801,0,0
645,IRYO_25-11-2025-13.04,60000,150,150
646,IRYO_25-11-2025-17.04,71801,0,0
647,IRYO_25-11-2025-17.04,60000,150,150
648,IRYO_25-11-2025-20.55,71801,0,0
649,IRYO_25-11-2025-20.55,60000,150,150
650,IRYO_26-11-2025-06.05,60000,0,0
651,IRYO_26-11-2025-06.05,71801,150,150
652,IRYO_26-11-2025-07.30,60000,0,0
653,IRYO_26-11-2025-07.30,04040,80,83
654,IRYO_26-11-2025-07.30,71801,175,175
655,IRYO_26-11-2025-10.35,60000,0,0
656,IRYO_26-11-2025-10.35,71801,150,150
657,IRYO_26-11-2025-14.35,60000,0,0
658,IRYO_26-11-2025-14.35,04040,80,83
659,IRYO_26-11-2025-14.35,04104,140,143
660,IRYO_26-11-2025-14.35,71801,180,180
661,IRYO_26-11-2025-20.35,60000,0,0
662,IRYO_26-11-2025-20.35,71801,150,150
663,IRYO_26-11-2025-06.04,71801,0,0
664,IRYO_26-11-2025-06.04,04040,75,78
665,IRYO_26-11-2025-06.04,60000,175,175
666,IRYO_26-11-2025-10.04,71801,0,0
667,IRYO_26-11-2025-10.04,04104,30,33
668,IRYO_26-11-2025-10.04,04040,90,93
669,IRYO_26-11-2025-10.04,60000,180,180
670,IRYO_26-11-2025-13.04,71801,0,0
671,IRYO_26-11-2025-13.04,60000,150,150
672,IRYO_26-11-2025-17.04,71801,0,0
673,IRYO_26-11-2025-17.04,60000,150,150
674,IRYO_26-11-2025-20.55,71801,0,0
675,IRYO_26-11-2025-20.55,60000,150,150
676,IRYO_27-11-2025-06.05,60000,0,0
677,IRYO_27-11-2025-06.05,71801,150,150
678,IRYO_27-11-2025-07.30,60000,0,0
679,IRYO_27-11-2025-07.30,04040,80,83
680,IRYO_27-11-2025-07.30,71801,175,175
681,IRYO_27-11-2025-10.35,60000,0,0
682,IRYO_27-11-2025-10.35,71801,150,150
683,IRYO_27-11-2025-14.35,60000,0,0
684,IRYO_27-11-2025-14.35,04040,80,83
685,IRYO_27-11-2025-14.35,04104,140,143
686,IRYO_27-11-2025-14.35,71801,180,180
687,IRYO_27-11-2025-20.35,60000,0,0
688,IRYO_27-11-2025-20.35,71801,150,150
689,IRYO_27-11-2025-06.04,71801,0,0
690,IRYO_27-11-2025-06.04,04040,75,78
691,IRYO_27-11-2025-06.04,60000,175,175
692,IRYO_27-11-2025-10.04,71801,0,0
693,IRYO_27-11-2025-10.04,04104,30,33
694,IRYO_27-11-2025-10.04,04040,90,93
695,IRYO_27-11-2025-10.04,60000,180,180
696,IRYO_27-11-2025-13.04,71801,0,0
697,IRYO_27-11-2025-13.04,60000,150,150
698,IRYO_27-11-2025-17.04,71801,0,0
699,IRYO_27-11-2025-17.04,60000,150,150
700,IRYO_27-11-2025-20.55,71801,0,0
701,IRYO_27-11-2025-20.55,60000,150,150
702,IRYO_28-11-2025-06.05,60000,0,0
703,IRYO_28-11-2025-06.05,71801,150,150
704,IRYO_28-11-2025-07.30,60000,0,0
705,IRYO_28-11-2025-07.30,04040,80,83
706,IRYO_28-11-2025-07.30,71801,175,175
707,IRYO_28-11-2025-10.35,60000,0,0
708,IRYO_28-11-2025-10.35,71801,150,150
709,IRYO_28-11-2025-14.35,60000,0,0
710,IRYO_28-11-2025-14.35,04040,80,83
711,IRYO_28-11-2025-14.35,04104,140,143
712,IRYO_28-11-2025-14.35,71801,180,180
713,IRYO_28-11-2025-20.35,60000,0,0
714,IRYO_28-11-2025-20.35,71801,150,150
715,IRYO_28-11-2025-06.04,71801,0,0
716,IRYO_28-11-2025-06.04,04040,75,78
717,IRYO_28-11-2025-06.04,60000,175,175
718,IRYO_28-11-2025-10.04,71801,0,0
719,IRYO_28-11-2025-10.04,04104,30,33
720,IRYO_28-11-2025-10.04,04040,90,93
721,IRYO_28-11-2025-10.04,60000,180,180
722,IRYO_28-11-2025-13.04,71801,0,0
723,IRYO_28-11-2025-13.04,60000,150,150
724,IRYO_28-11-2025-17.04,71801,0,0
725,IRYO_28-11-2025-17.04,60000,150,150
726,IRYO_28-11-2025-20.55,71801,0,0
727,IRYO_28-11-2025-20.55,60000,150,150
728,IRYO_29-11-2025-06.05,60000,0,0
729,IRYO_29-11-2025-06.05,71801,150,150
730,IRYO_29-11-2025-07.30,60000,0,0
731,IRYO_29-11-2025-07.30,04040,80,83
732,IRYO_29-11-2025-07.30,71801,175,175
733,IRYO_29-11-2025-10.35,60000,0,0
734,IRYO_29-11-2025-10.35,71801,150,150
735,IRYO_29-11-2025-14.35,60000,0,0
736,IRYO_29-11-2025-14.35,04040,80,83
737,IRYO_29-11-2025-14.35,04104,140,143
738,IRYO_29-11-2025-14.35,71801,180,180
739,IRYO_29-11-2025-20.35,60000,0,0
740,IRYO_29-11-2025-20.35,71801,150,150
741,IRYO_29-11-2025-06.04,71801,0,0
742,IRYO_29-11-2025-06.04,04040,75,78
743,IRYO_29-11-2025-06.04,60000,175,175
744,IRYO_29-11-2025-10.04,71801,0,0
745,IRYO_29-11-2025-10.04,04104,30,33
746,IRYO_29-11-2025-10.04,04040,90,93
747,IRYO_29-11-2025-10.04,60000,180,180
748,IRYO_29-11-2025-13.04,71801,0,0
749,IRYO_29-11-2025-13.04,60000,150,150
750,IRYO_29-11-2025-17.04,71801,0,0
751,IRYO_29-11-2025-17.04,60000,150,150
752,IRYO_29-11-2025-20.55,71801,0,0
753,IRYO_29-11-2025-20.55,60000,150,150
754,IRYO_30-11-2025-06.05,60000,0,0
755,IRYO_30-11-2025-06.05,71801,150,150
756,IRYO_30-11-2025-07.30,60000,0,0
757,IRYO_30-11-2025-07.30,04040,80,83
758,IRYO_30-11-2025-07.30,71801,175,175
759,IRYO_30-11-2025-10.35,60000,0,0
760,IRYO_30-11-2025-10.35,71801,150,150
761,IRYO_30-11-2025-14.35,60000,0,0
762,IRYO_30-11-2025-14.35,04040,80,83
763,IRYO_30-11-2025-14.35,04104,140,143
764,IRYO_30-11-2025-14.35,71801,180,180
765,IRYO_30-11-2025-20.35,60000,0,0
766,IRYO_30-11-2025-20.35,71801,150,150
767,IRYO_30-11-2025-06.04,71801,0,0
768,IRYO_30-11-2025-06.04,04040,75,78
769,IRYO_30-11-2025-06.04,60000,175,175
770,IRYO_30-11-2025-10.04,71801,0,0
771,IRYO_30-11-2025-10.04,04104,30,33
772,IRYO_30-11-2025-10.04,04040,90,93
773,IRYO_30-11-2025-10.04,60000,180,180
774,IRYO_30-11-2025-13.04,71801,0,0
775,IRYO_30-11-2025-13.04,60000,150,150
776,IRYO_30-11-2025-17.04,71801,0,0
777,IRYO_30-11-2025-17.04,60000,150,150
778,IRYO_30-11-2025-20.55,71801,0,0
779,IRYO_30-11-2025-20.55,60000,150,150
780,IRYO_01-12-2025-06.05,60000,0,0
781,IRYO_01-12-2025-06.05,71801,150,150
782,IRYO_01-12-2025-07.30,60000,0,0
783,IRYO_01-12-2025-07.30,04040,80,83
784,IRYO_01-12-2025-07.30,71801,175,175
785,IRYO_01-12-2025-10.35,60000,0,0
786,IRYO_01-12-2025-10.35,71801,150,150
787,IRYO_01-12-2025-14.35,60000,0,0
788,IRYO_01-12-2025-14.35,04040,80,83
789,IRYO_01-12-2025-14.35,04104,140,143
790,IRYO_01-12-2025-14.35,71801,180,180
791,IRYO_01-12-2025-20.35,60000,0,0
792,IRYO_01-12-2025-20.35,71801,150,150
793,IRYO_01-12-2025-06.04,71801,0,0
794,IRYO_01-12-2025-06.04,04040,75,78
795,IRYO_01-12-2025-06.04,60000,175,175
796,IRYO_01-12-2025-10.04,71801,0,0
797,IRYO_01-12-2025-10.04,04104,30,33
798,IRYO_01-12-2025-10.04,04040,90,93
799,IRYO_01-12-2025-10.04,60000,180,180
800,IRYO_01-12-2025-13.04,71801,0,0
801,IRYO_01-12-2025-13.04,60000,150,150
802,IRYO_01-12-2025-17.04,71801,0,0
803,IRYO_01-12-2025-17.04,60000,150,150
804,IRYO_01-12-2025-20.55,71801,0,0
805,IRYO_01-12-2025-20.55,60000,150,150
