service_id,trip_id,train_type,departure,arrival,duration
03063_01-02-2023-06.30,03063,AVE,2023-02-01 06:30:00,2023-02-01 09:20:00,2:50
03071_01-02-2023-07.00,03071,AVE,2023-02-01 07:00:00,2023-02-01 09:30:00,2:30
03073_01-02-2023-07.30,03073,AVE,2023-02-01 07:30:00,2023-02-01 10:42:00,3:12
03081_01-02-2023-08.00,03081,AVE,2023-02-01 08:00:00,2023-02-01 10:30:00,2:30
03083_01-02-2023-08.30,03083,AVE,2023-02-01 08:30:00,2023-02-01 11:15:00,2:45
03091_01-02-2023-09.00,03091,AVE,2023-02-01 09:00:00,2023-02-01 11:30:00,2:30
03093_01-02-2023-09.30,03093,AVE,2023-02-01 09:30:00,2023-02-01 12:37:00,3:7
03113_01-02-2023-11.30,03113,AVE,2023-02-01 11:30:00,2023-02-01 14:42:00,3:12
03123_01-02-2023-12.30,03123,AVE,2023-02-01 12:30:00,2023-02-01 15:40:00,3:10
03131_01-02-2023-13.00,03131,AVE,2023-02-01 13:00:00,2023-02-01 15:30:00,2:30
19725_01-02-2023-13.25,19725,AVE,2023-02-01 13:25:00,2023-02-01 16:22:00,2:57
03143_01-02-2023-14.30,03143,AVE,2023-02-01 14:30:00,2023-02-01 17:20:00,2:50
03153_01-02-2023-15.30,03153,AVE,2023-02-01 15:30:00,2023-02-01 18:42:00,3:12
03161_01-02-2023-16.00,03161,AVE,2023-02-01 16:00:00,2023-02-01 18:30:00,2:30
03163_01-02-2023-16.30,03163,AVE,2023-02-01 16:30:00,2023-02-01 19:15:00,2:45
03171_01-02-2023-17.00,03171,AVE,2023-02-01 17:00:00,2023-02-01 19:30:00,2:30
03173_01-02-2023-17.30,03173,AVE,2023-02-01 17:30:00,2023-02-01 20:42:00,3:12
03183_01-02-2023-18.30,03183,AVE,2023-02-01 18:30:00,2023-02-01 21:20:00,2:50
03191_01-02-2023-19.00,03191,AVE,2023-02-01 19:00:00,2023-02-01 21:30:00,2:30
03201_01-02-2023-20.00,03201,AVE,2023-02-01 20:00:00,2023-02-01 22:30:00,2:30
03203_01-02-2023-20.40,03203,AVE,2023-02-01 20:40:00,2023-02-01 23:55:00,3:15
03211_01-02-2023-21.10,03211,AVE,2023-02-01 21:10:00,2023-02-01 23:40:00,2:30
03063_02-02-2023-06.30,03063,AVE,2023-02-02 06:30:00,2023-02-02 09:20:00,2:50
03071_02-02-2023-07.00,03071,AVE,2023-02-02 07:00:00,2023-02-02 09:30:00,2:30
03073_02-02-2023-07.30,03073,AVE,2023-02-02 07:30:00,2023-02-02 10:42:00,3:12
03081_02-02-2023-08.00,03081,AVE,2023-02-02 08:00:00,2023-02-02 10:30:00,2:30
03083_02-02-2023-08.30,03083,AVE,2023-02-02 08:30:00,2023-02-02 11:15:00,2:45
03091_02-02-2023-09.00,03091,AVE,2023-02-02 09:00:00,2023-02-02 11:30:00,2:30
03093_02-02-2023-09.30,03093,AVE,2023-02-02 09:30:00,2023-02-02 12:37:00,3:7
03113_02-02-2023-11.30,03113,AVE,2023-02-02 11:30:00,2023-02-02 14:42:00,3:12
03123_02-02-2023-12.30,03123,AVE,2023-02-02 12:30:00,2023-02-02 15:40:00,3:10
03131_02-02-2023-13.00,03131,AVE,2023-02-02 13:00:00,2023-02-02 15:30:00,2:30
19725_02-02-2023-13.25,19725,AVE,2023-02-02 13:25:00,2023-02-02 16:22:00,2:57
03143_02-02-2023-14.30,03143,AVE,2023-02-02 14:30:00,2023-02-02 17:20:00,2:50
03153_02-02-2023-15.30,03153,AVE,2023-02-02 15:30:00,2023-02-02 18:42:00,3:12
03161_02-02-2023-16.00,03161,AVE,2023-02-02 16:00:00,2023-02-02 18:30:00,2:30
03163_02-02-2023-16.30,03163,AVE,2023-02-02 16:30:00,2023-02-02 19:15:00,2:45
03171_02-02-2023-17.00,03171,AVE,2023-02-02 17:00:00,2023-02-02 19:30:00,2:30
03173_02-02-2023-17.30,03173,AVE,2023-02-02 17:30:00,2023-02-02 20:42:00,3:12
03183_02-02-2023-18.30,03183,AVE,2023-02-02 18:30:00,2023-02-02 21:20:00,2:50
03191_02-02-2023-19.00,03191,AVE,2023-02-02 19:00:00,2023-02-02 21:30:00,2:30
03201_02-02-2023-20.00,03201,AVE,2023-02-02 20:00:00,2023-02-02 22:30:00,2:30
03203_02-02-2023-20.40,03203,AVE,2023-02-02 20:40:00,2023-02-02 23:55:00,3:15
03211_02-02-2023-21.10,03211,AVE,2023-02-02 21:10:00,2023-02-02 23:40:00,2:30
03063_03-02-2023-06.30,03063,AVE,2023-02-03 06:30:00,2023-02-03 09:20:00,2:50
03071_03-02-2023-07.00,03071,AVE,2023-02-03 07:00:00,2023-02-03 09:30:00,2:30
03073_03-02-2023-07.30,03073,AVE,2023-02-03 07:30:00,2023-02-03 10:42:00,3:12
03081_03-02-2023-08.00,03081,AVE,2023-02-03 08:00:00,2023-02-03 10:30:00,2:30
03091_03-02-2023-09.00,03091,AVE,2023-02-03 09:00:00,2023-02-03 11:30:00,2:30
03093_03-02-2023-09.30,03093,AVE,2023-02-03 09:30:00,2023-02-03 12:37:00,3:7
03113_03-02-2023-11.30,03113,AVE,2023-02-03 11:30:00,2023-02-03 14:42:00,3:12
03123_03-02-2023-12.30,03123,AVE,2023-02-03 12:30:00,2023-02-03 15:40:00,3:10
19725_03-02-2023-13.25,19725,AVE,2023-02-03 13:25:00,2023-02-03 16:22:00,2:57
03143_03-02-2023-14.30,03143,AVE,2023-02-03 14:30:00,2023-02-03 17:20:00,2:50
03153_03-02-2023-15.30,03153,AVE,2023-02-03 15:30:00,2023-02-03 18:42:00,3:12
03161_03-02-2023-16.00,03161,AVE,2023-02-03 16:00:00,2023-02-03 18:30:00,2:30
03163_03-02-2023-16.30,03163,AVE,2023-02-03 16:30:00,2023-02-03 19:15:00,2:45
03171_03-02-2023-17.00,03171,AVE,2023-02-03 17:00:00,2023-02-03 19:30:00,2:30
03173_03-02-2023-17.30,03173,AVE,2023-02-03 17:30:00,2023-02-03 20:42:00,3:12
03183_03-02-2023-18.30,03183,AVE,2023-02-03 18:30:00,2023-02-03 21:20:00,2:50
03191_03-02-2023-19.00,03191,AVE,2023-02-03 19:00:00,2023-02-03 21:30:00,2:30
03201_03-02-2023-20.00,03201,AVE,2023-02-03 20:00:00,2023-02-03 22:30:00,2:30
03203_03-02-2023-20.40,03203,AVE,2023-02-03 20:40:00,2023-02-03 23:55:00,3:15
03211_03-02-2023-21.10,03211,AVE,2023-02-03 21:10:00,2023-02-03 23:40:00,2:30
03073_04-02-2023-07.30,03073,AVE,2023-02-04 07:30:00,2023-02-04 10:42:00,3:12
03083_04-02-2023-08.30,03083,AVE,2023-02-04 08:30:00,2023-02-04 11:15:00,2:45
03091_04-02-2023-09.00,03091,AVE,2023-02-04 09:00:00,2023-02-04 11:30:00,2:30
03093_04-02-2023-09.30,03093,AVE,2023-02-04 09:30:00,2023-02-04 12:37:00,3:7
03113_04-02-2023-11.30,03113,AVE,2023-02-04 11:30:00,2023-02-04 14:42:00,3:12
03123_04-02-2023-12.30,03123,AVE,2023-02-04 12:30:00,2023-02-04 15:40:00,3:10
19725_04-02-2023-13.25,19725,AVE,2023-02-04 13:25:00,2023-02-04 16:22:00,2:57
03153_04-02-2023-15.30,03153,AVE,2023-02-04 15:30:00,2023-02-04 18:42:00,3:12
03163_04-02-2023-16.30,03163,AVE,2023-02-04 16:30:00,2023-02-04 19:15:00,2:45
03173_04-02-2023-17.30,03173,AVE,2023-02-04 17:30:00,2023-02-04 20:42:00,3:12
03183_04-02-2023-18.30,03183,AVE,2023-02-04 18:30:00,2023-02-04 21:20:00,2:50
03203_04-02-2023-20.40,03203,AVE,2023-02-04 20:40:00,2023-02-04 23:55:00,3:15
03073_05-02-2023-07.30,03073,AVE,2023-02-05 07:30:00,2023-02-05 10:42:00,3:12
03083_05-02-2023-08.30,03083,AVE,2023-02-05 08:30:00,2023-02-05 11:15:00,2:45
03093_05-02-2023-09.30,03093,AVE,2023-02-05 09:30:00,2023-02-05 12:37:00,3:7
03113_05-02-2023-11.30,03113,AVE,2023-02-05 11:30:00,2023-02-05 14:42:00,3:12
03123_05-02-2023-12.30,03123,AVE,2023-02-05 12:30:00,2023-02-05 15:40:00,3:10
03131_05-02-2023-13.00,03131,AVE,2023-02-05 13:00:00,2023-02-05 15:30:00,2:30
19725_05-02-2023-13.25,19725,AVE,2023-02-05 13:25:00,2023-02-05 16:22:00,2:57
03143_05-02-2023-14.30,03143,AVE,2023-02-05 14:30:00,2023-02-05 17:20:00,2:50
03153_05-02-2023-15.30,03153,AVE,2023-02-05 15:30:00,2023-02-05 18:42:00,3:12
03161_05-02-2023-16.00,03161,AVE,2023-02-05 16:00:00,2023-02-05 18:30:00,2:30
03163_05-02-2023-16.30,03163,AVE,2023-02-05 16:30:00,2023-02-05 19:15:00,2:45
03171_05-02-2023-17.00,03171,AVE,2023-02-05 17:00:00,2023-02-05 19:30:00,2:30
03173_05-02-2023-17.30,03173,AVE,2023-02-05 17:30:00,2023-02-05 20:42:00,3:12
03183_05-02-2023-18.30,03183,AVE,2023-02-05 18:30:00,2023-02-05 21:20:00,2:50
03191_05-02-2023-19.00,03191,AVE,2023-02-05 19:00:00,2023-02-05 21:30:00,2:30
03201_05-02-2023-20.00,03201,AVE,2023-02-05 20:00:00,2023-02-05 22:30:00,2:30
03203_05-02-2023-20.40,03203,AVE,2023-02-05 20:40:00,2023-02-05 23:55:00,3:15
03211_05-02-2023-21.10,03211,AVE,2023-02-05 21:10:00,2023-02-05 23:40:00,2:30
03063_06-02-2023-06.30,03063,AVE,2023-02-06 06:30:00,2023-02-06 09:20:00,2:50
03071_06-02-2023-07.00,03071,AVE,2023-02-06 07:00:00,2023-02-06 09:30:00,2:30
03073_06-02-2023-07.30,03073,AVE,2023-02-06 07:30:00,2023-02-06 10:42:00,3:12
03081_06-02-2023-08.00,03081,AVE,2023-02-06 08:00:00,2023-02-06 10:30:00,2:30
03083_06-02-2023-08.30,03083,AVE,2023-02-06 08:30:00,2023-02-06 11:15:00,2:45
03091_06-02-2023-09.00,03091,AVE,2023-02-06 09:00:00,2023-02-06 11:30:00,2:30
03093_06-02-2023-09.30,03093,AVE,2023-02-06 09:30:00,2023-02-06 12:37:00,3:7
03113_06-02-2023-11.30,03113,AVE,2023-02-06 11:30:00,2023-02-06 14:42:00,3:12
03123_06-02-2023-12.30,03123,AVE,2023-02-06 12:30:00,2023-02-06 15:40:00,3:10
03131_06-02-2023-13.00,03131,AVE,2023-02-06 13:00:00,2023-02-06 15:30:00,2:30
19725_06-02-2023-13.25,19725,AVE,2023-02-06 13:25:00,2023-02-06 16:22:00,2:57
03143_06-02-2023-14.30,03143,AVE,2023-02-06 14:30:00,2023-02-06 17:20:00,2:50
03153_06-02-2023-15.30,03153,AVE,2023-02-06 15:30:00,2023-02-06 18:42:00,3:12
03161_06-02-2023-16.00,03161,AVE,2023-02-06 16:00:00,2023-02-06 18:30:00,2:30
03163_06-02-2023-16.30,03163,AVE,2023-02-06 16:30:00,2023-02-06 19:15:00,2:45
03171_06-02-2023-17.00,03171,AVE,2023-02-06 17:00:00,2023-02-06 19:30:00,2:30
03173_06-02-2023-17.30,03173,AVE,2023-02-06 17:30:00,2023-02-06 20:42:00,3:12
03183_06-02-2023-18.30,03183,AVE,2023-02-06 18:30:00,2023-02-06 21:20:00,2:50
03191_06-02-2023-19.00,03191,AVE,2023-02-06 19:00:00,2023-02-06 21:30:00,2:30
03201_06-02-2023-20.00,03201,AVE,2023-02-06 20:00:00,2023-02-06 22:30:00,2:30
03203_06-02-2023-20.40,03203,AVE,2023-02-06 20:40:00,2023-02-06 23:55:00,3:15
03211_06-02-2023-21.10,03211,AVE,2023-02-06 21:10:00,2023-02-06 23:40:00,2:30
03063_07-02-2023-06.30,03063,AVE,2023-02-07 06:30:00,2023-02-07 09:20:00,2:50
03071_07-02-2023-07.00,03071,AVE,2023-02-07 07:00:00,2023-02-07 09:30:00,2:30
03073_07-02-2023-07.30,03073,AVE,2023-02-07 07:30:00,2023-02-07 10:42:00,3:12
03081_07-02-2023-08.00,03081,AVE,2023-02-07 08:00:00,2023-02-07 10:30:00,2:30
03083_07-02-2023-08.30,03083,AVE,2023-02-07 08:30:00,2023-02-07 11:15:00,2:45
03091_07-02-2023-09.00,03091,AVE,2023-02-07 09:00:00,2023-02-07 11:30:00,2:30
03093_07-02-2023-09.30,03093,AVE,2023-02-07 09:30:00,2023-02-07 12:37:00,3:7
03113_07-02-2023-11.30,03113,AVE,2023-02-07 11:30:00,2023-02-07 14:42:00,3:12
03123_07-02-2023-12.30,03123,AVE,2023-02-07 12:30:00,2023-02-07 15:40:00,3:10
03131_07-02-2023-13.00,03131,AVE,2023-02-07 13:00:00,2023-02-07 15:30:00,2:30
19725_07-02-2023-13.25,19725,AVE,2023-02-07 13:25:00,2023-02-07 16:22:00,2:57
03143_07-02-2023-14.30,03143,AVE,2023-02-07 14:30:00,2023-02-07 17:20:00,2:50
03153_07-02-2023-15.30,03153,AVE,2023-02-07 15:30:00,2023-02-07 18:42:00,3:12
03161_07-02-2023-16.00,03161,AVE,2023-02-07 16:00:00,2023-02-07 18:30:00,2:30
03163_07-02-2023-16.30,03163,AVE,2023-02-07 16:30:00,2023-02-07 19:15:00,2:45
03171_07-02-2023-17.00,03171,AVE,2023-02-07 17:00:00,2023-02-07 19:30:00,2:30
03173_07-02-2023-17.30,03173,AVE,2023-02-07 17:30:00,2023-02-07 20:42:00,3:12
03183_07-02-2023-18.30,03183,AVE,2023-02-07 18:30:00,2023-02-07 21:20:00,2:50
03191_07-02-2023-19.00,03191,AVE,2023-02-07 19:00:00,2023-02-07 21:30:00,2:30
03201_07-02-2023-20.00,03201,AVE,2023-02-07 20:00:00,2023-02-07 22:30:00,2:30
03203_07-02-2023-20.40,03203,AVE,2023-02-07 20:40:00,2023-02-07 23:55:00,3:15
03211_07-02-2023-21.10,03211,AVE,2023-02-07 21:10:00,2023-02-07 23:40:00,2:30
03063_08-02-2023-06.30,03063,AVE,2023-02-08 06:30:00,2023-02-08 09:20:00,2:50
03071_08-02-2023-07.00,03071,AVE,2023-02-08 07:00:00,2023-02-08 09:30:00,2:30
03073_08-02-2023-07.30,03073,AVE,2023-02-08 07:30:00,2023-02-08 10:42:00,3:12
03081_08-02-2023-08.00,03081,AVE,2023-02-08 08:00:00,2023-02-08 10:30:00,2:30
03083_08-02-2023-08.30,03083,AVE,2023-02-08 08:30:00,2023-02-08 11:15:00,2:45
03091_08-02-2023-09.00,03091,AVE,2023-02-08 09:00:00,2023-02-08 11:30:00,2:30
03093_08-02-2023-09.30,03093,AVE,2023-02-08 09:30:00,2023-02-08 12:37:00,3:7
03113_08-02-2023-11.30,03113,AVE,2023-02-08 11:30:00,2023-02-08 14:42:00,3:12
03123_08-02-2023-12.30,03123,AVE,2023-02-08 12:30:00,2023-02-08 15:40:00,3:10
03131_08-02-2023-13.00,03131,AVE,2023-02-08 13:00:00,2023-02-08 15:30:00,2:30
19725_08-02-2023-13.25,19725,AVE,2023-02-08 13:25:00,2023-02-08 16:22:00,2:57
03143_08-02-2023-14.30,03143,AVE,2023-02-08 14:30:00,2023-02-08 17:20:00,2:50
03153_08-02-2023-15.30,03153,AVE,2023-02-08 15:30:00,2023-02-08 18:42:00,3:12
03161_08-02-2023-16.00,03161,AVE,2023-02-08 16:00:00,2023-02-08 18:30:00,2:30
03163_08-02-2023-16.30,03163,AVE,2023-02-08 16:30:00,2023-02-08 19:15:00,2:45
03171_08-02-2023-17.00,03171,AVE,2023-02-08 17:00:00,2023-02-08 19:30:00,2:30
03173_08-02-2023-17.30,03173,AVE,2023-02-08 17:30:00,2023-02-08 20:42:00,3:12
03183_08-02-2023-18.30,03183,AVE,2023-02-08 18:30:00,2023-02-08 21:20:00,2:50
03191_08-02-2023-19.00,03191,AVE,2023-02-08 19:00:00,2023-02-08 21:30:00,2:30
03201_08-02-2023-20.00,03201,AVE,2023-02-08 20:00:00,2023-02-08 22:30:00,2:30
03203_08-02-2023-20.40,03203,AVE,2023-02-08 20:40:00,2023-02-08 23:55:00,3:15
03211_08-02-2023-21.10,03211,AVE,2023-02-08 21:10:00,2023-02-08 23:40:00,2:30
03063_09-02-2023-06.30,03063,AVE,2023-02-09 06:30:00,2023-02-09 09:20:00,2:50
03071_09-02-2023-07.00,03071,AVE,2023-02-09 07:00:00,2023-02-09 09:30:00,2:30
03073_09-02-2023-07.30,03073,AVE,2023-02-09 07:30:00,2023-02-09 10:42:00,3:12
03081_09-02-2023-08.00,03081,AVE,2023-02-09 08:00:00,2023-02-09 10:30:00,2:30
03083_09-02-2023-08.30,03083,AVE,2023-02-09 08:30:00,2023-02-09 11:15:00,2:45
03091_09-02-2023-09.00,03091,AVE,2023-02-09 09:00:00,2023-02-09 11:30:00,2:30
03093_09-02-2023-09.30,03093,AVE,2023-02-09 09:30:00,2023-02-09 12:37:00,3:7
03113_09-02-2023-11.30,03113,AVE,2023-02-09 11:30:00,2023-02-09 14:42:00,3:12
03123_09-02-2023-12.30,03123,AVE,2023-02-09 12:30:00,2023-02-09 15:40:00,3:10
03131_09-02-2023-13.00,03131,AVE,2023-02-09 13:00:00,2023-02-09 15:30:00,2:30
19725_09-02-2023-13.25,19725,AVE,2023-02-09 13:25:00,2023-02-09 16:22:00,2:57
03143_09-02-2023-14.30,03143,AVE,2023-02-09 14:30:00,2023-02-09 17:20:00,2:50
03153_09-02-2023-15.30,03153,AVE,2023-02-09 15:30:00,2023-02-09 18:42:00,3:12
03161_09-02-2023-16.00,03161,AVE,2023-02-09 16:00:00,2023-02-09 18:30:00,2:30
03163_09-02-2023-16.30,03163,AVE,2023-02-09 16:30:00,2023-02-09 19:15:00,2:45
03171_09-02-2023-17.00,03171,AVE,2023-02-09 17:00:00,2023-02-09 19:30:00,2:30
03173_09-02-2023-17.30,03173,AVE,2023-02-09 17:30:00,2023-02-09 20:42:00,3:12
03183_09-02-2023-18.30,03183,AVE,2023-02-09 18:30:00,2023-02-09 21:20:00,2:50
03191_09-02-2023-19.00,03191,AVE,2023-02-09 19:00:00,2023-02-09 21:30:00,2:30
03201_09-02-2023-20.00,03201,AVE,2023-02-09 20:00:00,2023-02-09 22:30:00,2:30
03203_09-02-2023-20.40,03203,AVE,2023-02-09 20:40:00,2023-02-09 23:55:00,3:15
03211_09-02-2023-21.10,03211,AVE,2023-02-09 21:10:00,2023-02-09 23:40:00,2:30
03063_10-02-2023-06.30,03063,AVE,2023-02-10 06:30:00,2023-02-10 09:20:00,2:50
03071_10-02-2023-07.00,03071,AVE,2023-02-10 07:00:00,2023-02-10 09:30:00,2:30
03073_10-02-2023-07.30,03073,AVE,2023-02-10 07:30:00,2023-02-10 10:42:00,3:12
03081_10-02-2023-08.00,03081,AVE,2023-02-10 08:00:00,2023-02-10 10:30:00,2:30
03091_10-02-2023-09.00,03091,AVE,2023-02-10 09:00:00,2023-02-10 11:30:00,2:30
03093_10-02-2023-09.30,03093,AVE,2023-02-10 09:30:00,2023-02-10 12:37:00,3:7
03113_10-02-2023-11.30,03113,AVE,2023-02-10 11:30:00,2023-02-10 14:42:00,3:12
03123_10-02-2023-12.30,03123,AVE,2023-02-10 12:30:00,2023-02-10 15:40:00,3:10
19725_10-02-2023-13.25,19725,AVE,2023-02-10 13:25:00,2023-02-10 16:22:00,2:57
03143_10-02-2023-14.30,03143,AVE,2023-02-10 14:30:00,2023-02-10 17:20:00,2:50
03151_10-02-2023-15.00,03151,AVE,2023-02-10 15:00:00,2023-02-10 17:29:00,2:29
03153_10-02-2023-15.30,03153,AVE,2023-02-10 15:30:00,2023-02-10 18:42:00,3:12
03161_10-02-2023-16.00,03161,AVE,2023-02-10 16:00:00,2023-02-10 18:30:00,2:30
03163_10-02-2023-16.30,03163,AVE,2023-02-10 16:30:00,2023-02-10 19:15:00,2:45
03171_10-02-2023-17.00,03171,AVE,2023-02-10 17:00:00,2023-02-10 19:30:00,2:30
03173_10-02-2023-17.30,03173,AVE,2023-02-10 17:30:00,2023-02-10 20:42:00,3:12
03183_10-02-2023-18.30,03183,AVE,2023-02-10 18:30:00,2023-02-10 21:20:00,2:50
03191_10-02-2023-19.00,03191,AVE,2023-02-10 19:00:00,2023-02-10 21:30:00,2:30
03201_10-02-2023-20.00,03201,AVE,2023-02-10 20:00:00,2023-02-10 22:30:00,2:30
03203_10-02-2023-20.40,03203,AVE,2023-02-10 20:40:00,2023-02-10 23:55:00,3:15
03211_10-02-2023-21.10,03211,AVE,2023-02-10 21:10:00,2023-02-10 23:40:00,2:30
03073_11-02-2023-07.30,03073,AVE,2023-02-11 07:30:00,2023-02-11 10:42:00,3:12
03083_11-02-2023-08.30,03083,AVE,2023-02-11 08:30:00,2023-02-11 11:15:00,2:45
03091_11-02-2023-09.00,03091,AVE,2023-02-11 09:00:00,2023-02-11 11:30:00,2:30
03093_11-02-2023-09.30,03093,AVE,2023-02-11 09:30:00,2023-02-11 12:37:00,3:7
03113_11-02-2023-11.30,03113,AVE,2023-02-11 11:30:00,2023-02-11 14:42:00,3:12
03123_11-02-2023-12.30,03123,AVE,2023-02-11 12:30:00,2023-02-11 15:40:00,3:10
19725_11-02-2023-13.25,19725,AVE,2023-02-11 13:25:00,2023-02-11 16:22:00,2:57
03153_11-02-2023-15.30,03153,AVE,2023-02-11 15:30:00,2023-02-11 18:42:00,3:12
03163_11-02-2023-16.30,03163,AVE,2023-02-11 16:30:00,2023-02-11 19:15:00,2:45
03173_11-02-2023-17.30,03173,AVE,2023-02-11 17:30:00,2023-02-11 20:42:00,3:12
03183_11-02-2023-18.30,03183,AVE,2023-02-11 18:30:00,2023-02-11 21:20:00,2:50
03203_11-02-2023-20.40,03203,AVE,2023-02-11 20:40:00,2023-02-11 23:55:00,3:15
03073_12-02-2023-07.30,03073,AVE,2023-02-12 07:30:00,2023-02-12 10:42:00,3:12
03083_12-02-2023-08.30,03083,AVE,2023-02-12 08:30:00,2023-02-12 11:15:00,2:45
03093_12-02-2023-09.30,03093,AVE,2023-02-12 09:30:00,2023-02-12 12:37:00,3:7
03113_12-02-2023-11.30,03113,AVE,2023-02-12 11:30:00,2023-02-12 14:42:00,3:12
03123_12-02-2023-12.30,03123,AVE,2023-02-12 12:30:00,2023-02-12 15:40:00,3:10
03131_12-02-2023-13.00,03131,AVE,2023-02-12 13:00:00,2023-02-12 15:30:00,2:30
19725_12-02-2023-13.25,19725,AVE,2023-02-12 13:25:00,2023-02-12 16:22:00,2:57
03143_12-02-2023-14.30,03143,AVE,2023-02-12 14:30:00,2023-02-12 17:20:00,2:50
03153_12-02-2023-15.30,03153,AVE,2023-02-12 15:30:00,2023-02-12 18:42:00,3:12
03161_12-02-2023-16.00,03161,AVE,2023-02-12 16:00:00,2023-02-12 18:30:00,2:30
03163_12-02-2023-16.30,03163,AVE,2023-02-12 16:30:00,2023-02-12 19:15:00,2:45
03171_12-02-2023-17.00,03171,AVE,2023-02-12 17:00:00,2023-02-12 19:30:00,2:30
03173_12-02-2023-17.30,03173,AVE,2023-02-12 17:30:00,2023-02-12 20:42:00,3:12
03183_12-02-2023-18.30,03183,AVE,2023-02-12 18:30:00,2023-02-12 21:20:00,2:50
03191_12-02-2023-19.00,03191,AVE,2023-02-12 19:00:00,2023-02-12 21:30:00,2:30
03201_12-02-2023-20.00,03201,AVE,2023-02-12 20:00:00,2023-02-12 22:30:00,2:30
03203_12-02-2023-20.40,03203,AVE,2023-02-12 20:40:00,2023-02-12 23:55:00,3:15
03211_12-02-2023-21.10,03211,AVE,2023-02-12 21:10:00,2023-02-12 23:40:00,2:30
03063_13-02-2023-06.30,03063,AVE,2023-02-13 06:30:00,2023-02-13 09:20:00,2:50
03071_13-02-2023-07.00,03071,AVE,2023-02-13 07:00:00,2023-02-13 09:30:00,2:30
03073_13-02-2023-07.30,03073,AVE,2023-02-13 07:30:00,2023-02-13 10:42:00,3:12
03081_13-02-2023-08.00,03081,AVE,2023-02-13 08:00:00,2023-02-13 10:30:00,2:30
03083_13-02-2023-08.30,03083,AVE,2023-02-13 08:30:00,2023-02-13 11:15:00,2:45
03091_13-02-2023-09.00,03091,AVE,2023-02-13 09:00:00,2023-02-13 11:30:00,2:30
03093_13-02-2023-09.30,03093,AVE,2023-02-13 09:30:00,2023-02-13 12:37:00,3:7
03113_13-02-2023-11.30,03113,AVE,2023-02-13 11:30:00,2023-02-13 14:42:00,3:12
03123_13-02-2023-12.30,03123,AVE,2023-02-13 12:30:00,2023-02-13 15:40:00,3:10
03131_13-02-2023-13.00,03131,AVE,2023-02-13 13:00:00,2023-02-13 15:30:00,2:30
19725_13-02-2023-13.25,19725,AVE,2023-02-13 13:25:00,2023-02-13 16:22:00,2:57
03143_13-02-2023-14.30,03143,AVE,2023-02-13 14:30:00,2023-02-13 17:20:00,2:50
03151_13-02-2023-15.00,03151,AVE,2023-02-13 15:00:00,2023-02-13 17:29:00,2:29
03153_13-02-2023-15.30,03153,AVE,2023-02-13 15:30:00,2023-02-13 18:42:00,3:12
03161_13-02-2023-16.00,03161,AVE,2023-02-13 16:00:00,2023-02-13 18:30:00,2:30
03163_13-02-2023-16.30,03163,AVE,2023-02-13 16:30:00,2023-02-13 19:15:00,2:45
03171_13-02-2023-17.00,03171,AVE,2023-02-13 17:00:00,2023-02-13 19:30:00,2:30
03173_13-02-2023-17.30,03173,AVE,2023-02-13 17:30:00,2023-02-13 20:42:00,3:12
03183_13-02-2023-18.30,03183,AVE,2023-02-13 18:30:00,2023-02-13 21:20:00,2:50
03191_13-02-2023-19.00,03191,AVE,2023-02-13 19:00:00,2023-02-13 21:30:00,2:30
03201_13-02-2023-20.00,03201,AVE,2023-02-13 20:00:00,2023-02-13 22:30:00,2:30
03203_13-02-2023-20.40,03203,AVE,2023-02-13 20:40:00,2023-02-13 23:55:00,3:15
03211_13-02-2023-21.10,03211,AVE,2023-02-13 21:10:00,2023-02-13 23:40:00,2:30
03063_14-02-2023-06.30,03063,AVE,2023-02-14 06:30:00,2023-02-14 09:20:00,2:50
03071_14-02-2023-07.00,03071,AVE,2023-02-14 07:00:00,2023-02-14 09:30:00,2:30
03073_14-02-2023-07.30,03073,AVE,2023-02-14 07:30:00,2023-02-14 10:42:00,3:12
03081_14-02-2023-08.00,03081,AVE,2023-02-14 08:00:00,2023-02-14 10:30:00,2:30
03083_14-02-2023-08.30,03083,AVE,2023-02-14 08:30:00,2023-02-14 11:15:00,2:45
03091_14-02-2023-09.00,03091,AVE,2023-02-14 09:00:00,2023-02-14 11:30:00,2:30
03093_14-02-2023-09.30,03093,AVE,2023-02-14 09:30:00,2023-02-14 12:37:00,3:7
03113_14-02-2023-11.30,03113,AVE,2023-02-14 11:30:00,2023-02-14 14:42:00,3:12
03123_14-02-2023-12.30,03123,AVE,2023-02-14 12:30:00,2023-02-14 15:40:00,3:10
03131_14-02-2023-13.00,03131,AVE,2023-02-14 13:00:00,2023-02-14 15:30:00,2:30
19725_14-02-2023-13.25,19725,AVE,2023-02-14 13:25:00,2023-02-14 16:22:00,2:57
03143_14-02-2023-14.30,03143,AVE,2023-02-14 14:30:00,2023-02-14 17:20:00,2:50
03151_14-02-2023-15.00,03151,AVE,2023-02-14 15:00:00,2023-02-14 17:29:00,2:29
03153_14-02-2023-15.30,03153,AVE,2023-02-14 15:30:00,2023-02-14 18:42:00,3:12
03161_14-02-2023-16.00,03161,AVE,2023-02-14 16:00:00,2023-02-14 18:30:00,2:30
03163_14-02-2023-16.30,03163,AVE,2023-02-14 16:30:00,2023-02-14 19:15:00,2:45
03171_14-02-2023-17.00,03171,AVE,2023-02-14 17:00:00,2023-02-14 19:30:00,2:30
03173_14-02-2023-17.30,03173,AVE,2023-02-14 17:30:00,2023-02-14 20:42:00,3:12
03183_14-02-2023-18.30,03183,AVE,2023-02-14 18:30:00,2023-02-14 21:20:00,2:50
03191_14-02-2023-19.00,03191,AVE,2023-02-14 19:00:00,2023-02-14 21:30:00,2:30
03201_14-02-2023-20.00,03201,AVE,2023-02-14 20:00:00,2023-02-14 22:30:00,2:30
03203_14-02-2023-20.40,03203,AVE,2023-02-14 20:40:00,2023-02-14 23:55:00,3:15
03211_14-02-2023-21.10,03211,AVE,2023-02-14 21:10:00,2023-02-14 23:40:00,2:30
03063_15-02-2023-06.30,03063,AVE,2023-02-15 06:30:00,2023-02-15 09:20:00,2:50
03071_15-02-2023-07.00,03071,AVE,2023-02-15 07:00:00,2023-02-15 09:30:00,2:30
03073_15-02-2023-07.30,03073,AVE,2023-02-15 07:30:00,2023-02-15 10:42:00,3:12
03081_15-02-2023-08.00,03081,AVE,2023-02-15 08:00:00,2023-02-15 10:30:00,2:30
03083_15-02-2023-08.30,03083,AVE,2023-02-15 08:30:00,2023-02-15 11:15:00,2:45
03091_15-02-2023-09.00,03091,AVE,2023-02-15 09:00:00,2023-02-15 11:30:00,2:30
03093_15-02-2023-09.30,03093,AVE,2023-02-15 09:30:00,2023-02-15 12:37:00,3:7
03113_15-02-2023-11.30,03113,AVE,2023-02-15 11:30:00,2023-02-15 14:42:00,3:12
03123_15-02-2023-12.30,03123,AVE,2023-02-15 12:30:00,2023-02-15 15:40:00,3:10
03131_15-02-2023-13.00,03131,AVE,2023-02-15 13:00:00,2023-02-15 15:30:00,2:30
19725_15-02-2023-13.25,19725,AVE,2023-02-15 13:25:00,2023-02-15 16:22:00,2:57
03143_15-02-2023-14.30,03143,AVE,2023-02-15 14:30:00,2023-02-15 17:20:00,2:50
03151_15-02-2023-15.00,03151,AVE,2023-02-15 15:00:00,2023-02-15 17:29:00,2:29
03153_15-02-2023-15.30,03153,AVE,2023-02-15 15:30:00,2023-02-15 18:42:00,3:12
03161_15-02-2023-16.00,03161,AVE,2023-02-15 16:00:00,2023-02-15 18:30:00,2:30
03163_15-02-2023-16.30,03163,AVE,2023-02-15 16:30:00,2023-02-15 19:15:00,2:45
03171_15-02-2023-17.00,03171,AVE,2023-02-15 17:00:00,2023-02-15 19:30:00,2:30
03173_15-02-2023-17.30,03173,AVE,2023-02-15 17:30:00,2023-02-15 20:42:00,3:12
03183_15-02-2023-18.30,03183,AVE,2023-02-15 18:30:00,2023-02-15 21:20:00,2:50
03191_15-02-2023-19.00,03191,AVE,2023-02-15 19:00:00,2023-02-15 21:30:00,2:30
03201_15-02-2023-20.00,03201,AVE,2023-02-15 20:00:00,2023-02-15 22:30:00,2:30
03203_15-02-2023-20.40,03203,AVE,2023-02-15 20:40:00,2023-02-15 23:55:00,3:15
03211_15-02-2023-21.10,03211,AVE,2023-02-15 21:10:00,2023-02-15 23:40:00,2:30
03063_16-02-2023-06.30,03063,AVE,2023-02-16 06:30:00,2023-02-16 09:20:00,2:50
03071_16-02-2023-07.00,03071,AVE,2023-02-16 07:00:00,2023-02-16 09:30:00,2:30
03073_16-02-2023-07.30,03073,AVE,2023-02-16 07:30:00,2023-02-16 10:42:00,3:12
03081_16-02-2023-08.00,03081,AVE,2023-02-16 08:00:00,2023-02-16 10:30:00,2:30
03083_16-02-2023-08.30,03083,AVE,2023-02-16 08:30:00,2023-02-16 11:15:00,2:45
03091_16-02-2023-09.00,03091,AVE,2023-02-16 09:00:00,2023-02-16 11:30:00,2:30
03093_16-02-2023-09.30,03093,AVE,2023-02-16 09:30:00,2023-02-16 12:37:00,3:7
03113_16-02-2023-11.30,03113,AVE,2023-02-16 11:30:00,2023-02-16 14:42:00,3:12
03123_16-02-2023-12.30,03123,AVE,2023-02-16 12:30:00,2023-02-16 15:40:00,3:10
03131_16-02-2023-13.00,03131,AVE,2023-02-16 13:00:00,2023-02-16 15:30:00,2:30
19725_16-02-2023-13.25,19725,AVE,2023-02-16 13:25:00,2023-02-16 16:22:00,2:57
03143_16-02-2023-14.30,03143,AVE,2023-02-16 14:30:00,2023-02-16 17:20:00,2:50
03151_16-02-2023-15.00,03151,AVE,2023-02-16 15:00:00,2023-02-16 17:29:00,2:29
03153_16-02-2023-15.30,03153,AVE,2023-02-16 15:30:00,2023-02-16 18:42:00,3:12
03161_16-02-2023-16.00,03161,AVE,2023-02-16 16:00:00,2023-02-16 18:30:00,2:30
03163_16-02-2023-16.30,03163,AVE,2023-02-16 16:30:00,2023-02-16 19:15:00,2:45
03171_16-02-2023-17.00,03171,AVE,2023-02-16 17:00:00,2023-02-16 19:30:00,2:30
03173_16-02-2023-17.30,03173,AVE,2023-02-16 17:30:00,2023-02-16 20:42:00,3:12
03183_16-02-2023-18.30,03183,AVE,2023-02-16 18:30:00,2023-02-16 21:20:00,2:50
03191_16-02-2023-19.00,03191,AVE,2023-02-16 19:00:00,2023-02-16 21:30:00,2:30
03201_16-02-2023-20.00,03201,AVE,2023-02-16 20:00:00,2023-02-16 22:30:00,2:30
03203_16-02-2023-20.40,03203,AVE,2023-02-16 20:40:00,2023-02-16 23:55:00,3:15
03211_16-02-2023-21.10,03211,AVE,2023-02-16 21:10:00,2023-02-16 23:40:00,2:30
03063_17-02-2023-06.30,03063,AVE,2023-02-17 06:30:00,2023-02-17 09:20:00,2:50
03071_17-02-2023-07.00,03071,AVE,2023-02-17 07:00:00,2023-02-17 09:30:00,2:30
03073_17-02-2023-07.30,03073,AVE,2023-02-17 07:30:00,2023-02-17 10:42:00,3:12
03081_17-02-2023-08.00,03081,AVE,2023-02-17 08:00:00,2023-02-17 10:30:00,2:30
03091_17-02-2023-09.00,03091,AVE,2023-02-17 09:00:00,2023-02-17 11:30:00,2:30
03093_17-02-2023-09.30,03093,AVE,2023-02-17 09:30:00,2023-02-17 12:37:00,3:7
03113_17-02-2023-11.30,03113,AVE,2023-02-17 11:30:00,2023-02-17 14:42:00,3:12
03123_17-02-2023-12.30,03123,AVE,2023-02-17 12:30:00,2023-02-17 15:40:00,3:10
19725_17-02-2023-13.25,19725,AVE,2023-02-17 13:25:00,2023-02-17 16:22:00,2:57
03143_17-02-2023-14.30,03143,AVE,2023-02-17 14:30:00,2023-02-17 17:20:00,2:50
03151_17-02-2023-15.00,03151,AVE,2023-02-17 15:00:00,2023-02-17 17:29:00,2:29
03153_17-02-2023-15.30,03153,AVE,2023-02-17 15:30:00,2023-02-17 18:42:00,3:12
03161_17-02-2023-16.00,03161,AVE,2023-02-17 16:00:00,2023-02-17 18:30:00,2:30
03163_17-02-2023-16.30,03163,AVE,2023-02-17 16:30:00,2023-02-17 19:15:00,2:45
03171_17-02-2023-17.00,03171,AVE,2023-02-17 17:00:00,2023-02-17 19:30:00,2:30
03173_17-02-2023-17.30,03173,AVE,2023-02-17 17:30:00,2023-02-17 20:42:00,3:12
03183_17-02-2023-18.30,03183,AVE,2023-02-17 18:30:00,2023-02-17 21:20:00,2:50
03191_17-02-2023-19.00,03191,AVE,2023-02-17 19:00:00,2023-02-17 21:30:00,2:30
03201_17-02-2023-20.00,03201,AVE,2023-02-17 20:00:00,2023-02-17 22:30:00,2:30
03203_17-02-2023-20.40,03203,AVE,2023-02-17 20:40:00,2023-02-17 23:55:00,3:15
03211_17-02-2023-21.10,03211,AVE,2023-02-17 21:10:00,2023-02-17 23:40:00,2:30
03073_18-02-2023-07.30,03073,AVE,2023-02-18 07:30:00,2023-02-18 10:42:00,3:12
03083_18-02-2023-08.30,03083,AVE,2023-02-18 08:30:00,2023-02-18 11:15:00,2:45
03091_18-02-2023-09.00,03091,AVE,2023-02-18 09:00:00,2023-02-18 11:30:00,2:30
03093_18-02-2023-09.30,03093,AVE,2023-02-18 09:30:00,2023-02-18 12:37:00,3:7
03113_18-02-2023-11.30,03113,AVE,2023-02-18 11:30:00,2023-02-18 14:42:00,3:12
03123_18-02-2023-12.30,03123,AVE,2023-02-18 12:30:00,2023-02-18 15:40:00,3:10
19725_18-02-2023-13.25,19725,AVE,2023-02-18 13:25:00,2023-02-18 16:22:00,2:57
03153_18-02-2023-15.30,03153,AVE,2023-02-18 15:30:00,2023-02-18 18:42:00,3:12
03163_18-02-2023-16.30,03163,AVE,2023-02-18 16:30:00,2023-02-18 19:15:00,2:45
03173_18-02-2023-17.30,03173,AVE,2023-02-18 17:30:00,2023-02-18 20:42:00,3:12
03183_18-02-2023-18.30,03183,AVE,2023-02-18 18:30:00,2023-02-18 21:20:00,2:50
03203_18-02-2023-20.40,03203,AVE,2023-02-18 20:40:00,2023-02-18 23:55:00,3:15
03073_19-02-2023-07.30,03073,AVE,2023-02-19 07:30:00,2023-02-19 10:42:00,3:12
03083_19-02-2023-08.30,03083,AVE,2023-02-19 08:30:00,2023-02-19 11:15:00,2:45
03093_19-02-2023-09.30,03093,AVE,2023-02-19 09:30:00,2023-02-19 12:37:00,3:7
03113_19-02-2023-11.30,03113,AVE,2023-02-19 11:30:00,2023-02-19 14:42:00,3:12
03123_19-02-2023-12.30,03123,AVE,2023-02-19 12:30:00,2023-02-19 15:40:00,3:10
03131_19-02-2023-13.00,03131,AVE,2023-02-19 13:00:00,2023-02-19 15:30:00,2:30
19725_19-02-2023-13.25,19725,AVE,2023-02-19 13:25:00,2023-02-19 16:22:00,2:57
03143_19-02-2023-14.30,03143,AVE,2023-02-19 14:30:00,2023-02-19 17:20:00,2:50
03153_19-02-2023-15.30,03153,AVE,2023-02-19 15:30:00,2023-02-19 18:42:00,3:12
03161_19-02-2023-16.00,03161,AVE,2023-02-19 16:00:00,2023-02-19 18:30:00,2:30
03163_19-02-2023-16.30,03163,AVE,2023-02-19 16:30:00,2023-02-19 19:15:00,2:45
03171_19-02-2023-17.00,03171,AVE,2023-02-19 17:00:00,2023-02-19 19:30:00,2:30
03173_19-02-2023-17.30,03173,AVE,2023-02-19 17:30:00,2023-02-19 20:42:00,3:12
03183_19-02-2023-18.30,03183,AVE,2023-02-19 18:30:00,2023-02-19 21:20:00,2:50
03191_19-02-2023-19.00,03191,AVE,2023-02-19 19:00:00,2023-02-19 21:30:00,2:30
03201_19-02-2023-20.00,03201,AVE,2023-02-19 20:00:00,2023-02-19 22:30:00,2:30
03203_19-02-2023-20.40,03203,AVE,2023-02-19 20:40:00,2023-02-19 23:55:00,3:15
03211_19-02-2023-21.10,03211,AVE,2023-02-19 21:10:00,2023-02-19 23:40:00,2:30
03063_20-02-2023-06.30,03063,AVE,2023-02-20 06:30:00,2023-02-20 09:20:00,2:50
03071_20-02-2023-07.00,03071,AVE,2023-02-20 07:00:00,2023-02-20 09:30:00,2:30
03073_20-02-2023-07.30,03073,AVE,2023-02-20 07:30:00,2023-02-20 10:42:00,3:12
03081_20-02-2023-08.00,03081,AVE,2023-02-20 08:00:00,2023-02-20 10:30:00,2:30
03083_20-02-2023-08.30,03083,AVE,2023-02-20 08:30:00,2023-02-20 11:15:00,2:45
03091_20-02-2023-09.00,03091,AVE,2023-02-20 09:00:00,2023-02-20 11:30:00,2:30
03093_20-02-2023-09.30,03093,AVE,2023-02-20 09:30:00,2023-02-20 12:37:00,3:7
03113_20-02-2023-11.30,03113,AVE,2023-02-20 11:30:00,2023-02-20 14:42:00,3:12
03123_20-02-2023-12.30,03123,AVE,2023-02-20 12:30:00,2023-02-20 15:40:00,3:10
03131_20-02-2023-13.00,03131,AVE,2023-02-20 13:00:00,2023-02-20 15:30:00,2:30
19725_20-02-2023-13.25,19725,AVE,2023-02-20 13:25:00,2023-02-20 16:22:00,2:57
03143_20-02-2023-14.30,03143,AVE,2023-02-20 14:30:00,2023-02-20 17:20:00,2:50
03151_20-02-2023-15.00,03151,AVE,2023-02-20 15:00:00,2023-02-20 17:29:00,2:29
03153_20-02-2023-15.30,03153,AVE,2023-02-20 15:30:00,2023-02-20 18:42:00,3:12
03161_20-02-2023-16.00,03161,AVE,2023-02-20 16:00:00,2023-02-20 18:30:00,2:30
03163_20-02-2023-16.30,03163,AVE,2023-02-20 16:30:00,2023-02-20 19:15:00,2:45
03171_20-02-2023-17.00,03171,AVE,2023-02-20 17:00:00,2023-02-20 19:30:00,2:30
03173_20-02-2023-17.30,03173,AVE,2023-02-20 17:30:00,2023-02-20 20:42:00,3:12
03183_20-02-2023-18.30,03183,AVE,2023-02-20 18:30:00,2023-02-20 21:20:00,2:50
03191_20-02-2023-19.00,03191,AVE,2023-02-20 19:00:00,2023-02-20 21:30:00,2:30
03201_20-02-2023-20.00,03201,AVE,2023-02-20 20:00:00,2023-02-20 22:30:00,2:30
03203_20-02-2023-20.40,03203,AVE,2023-02-20 20:40:00,2023-02-20 23:55:00,3:15
03211_20-02-2023-21.10,03211,AVE,2023-02-20 21:10:00,2023-02-20 23:40:00,2:30
03063_21-02-2023-06.30,03063,AVE,2023-02-21 06:30:00,2023-02-21 09:20:00,2:50
03071_21-02-2023-07.00,03071,AVE,2023-02-21 07:00:00,2023-02-21 09:30:00,2:30
03073_21-02-2023-07.30,03073,AVE,2023-02-21 07:30:00,2023-02-21 10:42:00,3:12
03081_21-02-2023-08.00,03081,AVE,2023-02-21 08:00:00,2023-02-21 10:30:00,2:30
03083_21-02-2023-08.30,03083,AVE,2023-02-21 08:30:00,2023-02-21 11:15:00,2:45
03091_21-02-2023-09.00,03091,AVE,2023-02-21 09:00:00,2023-02-21 11:30:00,2:30
03093_21-02-2023-09.30,03093,AVE,2023-02-21 09:30:00,2023-02-21 12:37:00,3:7
03113_21-02-2023-11.30,03113,AVE,2023-02-21 11:30:00,2023-02-21 14:42:00,3:12
03123_21-02-2023-12.30,03123,AVE,2023-02-21 12:30:00,2023-02-21 15:40:00,3:10
03131_21-02-2023-13.00,03131,AVE,2023-02-21 13:00:00,2023-02-21 15:30:00,2:30
19725_21-02-2023-13.25,19725,AVE,2023-02-21 13:25:00,2023-02-21 16:22:00,2:57
03143_21-02-2023-14.30,03143,AVE,2023-02-21 14:30:00,2023-02-21 17:20:00,2:50
03151_21-02-2023-15.00,03151,AVE,2023-02-21 15:00:00,2023-02-21 17:29:00,2:29
03153_21-02-2023-15.30,03153,AVE,2023-02-21 15:30:00,2023-02-21 18:42:00,3:12
03161_21-02-2023-16.00,03161,AVE,2023-02-21 16:00:00,2023-02-21 18:30:00,2:30
03163_21-02-2023-16.30,03163,AVE,2023-02-21 16:30:00,2023-02-21 19:15:00,2:45
03171_21-02-2023-17.00,03171,AVE,2023-02-21 17:00:00,2023-02-21 19:30:00,2:30
03173_21-02-2023-17.30,03173,AVE,2023-02-21 17:30:00,2023-02-21 20:42:00,3:12
03183_21-02-2023-18.30,03183,AVE,2023-02-21 18:30:00,2023-02-21 21:20:00,2:50
03191_21-02-2023-19.00,03191,AVE,2023-02-21 19:00:00,2023-02-21 21:30:00,2:30
03201_21-02-2023-20.00,03201,AVE,2023-02-21 20:00:00,2023-02-21 22:30:00,2:30
03203_21-02-2023-20.40,03203,AVE,2023-02-21 20:40:00,2023-02-21 23:55:00,3:15
03211_21-02-2023-21.10,03211,AVE,2023-02-21 21:10:00,2023-02-21 23:40:00,2:30
03063_22-02-2023-06.30,03063,AVE,2023-02-22 06:30:00,2023-02-22 09:20:00,2:50
03071_22-02-2023-07.00,03071,AVE,2023-02-22 07:00:00,2023-02-22 09:30:00,2:30
03073_22-02-2023-07.30,03073,AVE,2023-02-22 07:30:00,2023-02-22 10:42:00,3:12
03081_22-02-2023-08.00,03081,AVE,2023-02-22 08:00:00,2023-02-22 10:30:00,2:30
03083_22-02-2023-08.30,03083,AVE,2023-02-22 08:30:00,2023-02-22 11:15:00,2:45
03091_22-02-2023-09.00,03091,AVE,2023-02-22 09:00:00,2023-02-22 11:30:00,2:30
03093_22-02-2023-09.30,03093,AVE,2023-02-22 09:30:00,2023-02-22 12:37:00,3:7
03113_22-02-2023-11.30,03113,AVE,2023-02-22 11:30:00,2023-02-22 14:42:00,3:12
03123_22-02-2023-12.30,03123,AVE,2023-02-22 12:30:00,2023-02-22 15:40:00,3:10
03131_22-02-2023-13.00,03131,AVE,2023-02-22 13:00:00,2023-02-22 15:30:00,2:30
19725_22-02-2023-13.25,19725,AVE,2023-02-22 13:25:00,2023-02-22 16:22:00,2:57
03143_22-02-2023-14.30,03143,AVE,2023-02-22 14:30:00,2023-02-22 17:20:00,2:50
03151_22-02-2023-15.00,03151,AVE,2023-02-22 15:00:00,2023-02-22 17:29:00,2:29
03153_22-02-2023-15.30,03153,AVE,2023-02-22 15:30:00,2023-02-22 18:42:00,3:12
03161_22-02-2023-16.00,03161,AVE,2023-02-22 16:00:00,2023-02-22 18:30:00,2:30
03163_22-02-2023-16.30,03163,AVE,2023-02-22 16:30:00,2023-02-22 19:15:00,2:45
03171_22-02-2023-17.00,03171,AVE,2023-02-22 17:00:00,2023-02-22 19:30:00,2:30
03173_22-02-2023-17.30,03173,AVE,2023-02-22 17:30:00,2023-02-22 20:42:00,3:12
03183_22-02-2023-18.30,03183,AVE,2023-02-22 18:30:00,2023-02-22 21:20:00,2:50
03191_22-02-2023-19.00,03191,AVE,2023-02-22 19:00:00,2023-02-22 21:30:00,2:30
03201_22-02-2023-20.00,03201,AVE,2023-02-22 20:00:00,2023-02-22 22:30:00,2:30
03203_22-02-2023-20.40,03203,AVE,2023-02-22 20:40:00,2023-02-22 23:55:00,3:15
03211_22-02-2023-21.10,03211,AVE,2023-02-22 21:10:00,2023-02-22 23:40:00,2:30
03063_23-02-2023-06.30,03063,AVE,2023-02-23 06:30:00,2023-02-23 09:20:00,2:50
03071_23-02-2023-07.00,03071,AVE,2023-02-23 07:00:00,2023-02-23 09:30:00,2:30
03073_23-02-2023-07.30,03073,AVE,2023-02-23 07:30:00,2023-02-23 10:42:00,3:12
03081_23-02-2023-08.00,03081,AVE,2023-02-23 08:00:00,2023-02-23 10:30:00,2:30
03083_23-02-2023-08.30,03083,AVE,2023-02-23 08:30:00,2023-02-23 11:15:00,2:45
03091_23-02-2023-09.00,03091,AVE,2023-02-23 09:00:00,2023-02-23 11:30:00,2:30
03093_23-02-2023-09.30,03093,AVE,2023-02-23 09:30:00,2023-02-23 12:37:00,3:7
03113_23-02-2023-11.30,03113,AVE,2023-02-23 11:30:00,2023-02-23 14:42:00,3:12
03123_23-02-2023-12.30,03123,AVE,2023-02-23 12:30:00,2023-02-23 15:40:00,3:10
03131_23-02-2023-13.00,03131,AVE,2023-02-23 13:00:00,2023-02-23 15:30:00,2:30
19725_23-02-2023-13.25,19725,AVE,2023-02-23 13:25:00,2023-02-23 16:22:00,2:57
03143_23-02-2023-14.30,03143,AVE,2023-02-23 14:30:00,2023-02-23 17:20:00,2:50
03151_23-02-2023-15.00,03151,AVE,2023-02-23 15:00:00,2023-02-23 17:29:00,2:29
03153_23-02-2023-15.30,03153,AVE,2023-02-23 15:30:00,2023-02-23 18:42:00,3:12
03161_23-02-2023-16.00,03161,AVE,2023-02-23 16:00:00,2023-02-23 18:30:00,2:30
03163_23-02-2023-16.30,03163,AVE,2023-02-23 16:30:00,2023-02-23 19:15:00,2:45
03171_23-02-2023-17.00,03171,AVE,2023-02-23 17:00:00,2023-02-23 19:30:00,2:30
03173_23-02-2023-17.30,03173,AVE,2023-02-23 17:30:00,2023-02-23 20:42:00,3:12
03183_23-02-2023-18.30,03183,AVE,2023-02-23 18:30:00,2023-02-23 21:20:00,2:50
03191_23-02-2023-19.00,03191,AVE,2023-02-23 19:00:00,2023-02-23 21:30:00,2:30
03201_23-02-2023-20.00,03201,AVE,2023-02-23 20:00:00,2023-02-23 22:30:00,2:30
03203_23-02-2023-20.40,03203,AVE,2023-02-23 20:40:00,2023-02-23 23:55:00,3:15
03211_23-02-2023-21.10,03211,AVE,2023-02-23 21:10:00,2023-02-23 23:40:00,2:30
03063_24-02-2023-06.30,03063,AVE,2023-02-24 06:30:00,2023-02-24 09:20:00,2:50
03071_24-02-2023-07.00,03071,AVE,2023-02-24 07:00:00,2023-02-24 09:30:00,2:30
03073_24-02-2023-07.30,03073,AVE,2023-02-24 07:30:00,2023-02-24 10:42:00,3:12
03081_24-02-2023-08.00,03081,AVE,2023-02-24 08:00:00,2023-02-24 10:30:00,2:30
03091_24-02-2023-09.00,03091,AVE,2023-02-24 09:00:00,2023-02-24 11:30:00,2:30
03093_24-02-2023-09.30,03093,AVE,2023-02-24 09:30:00,2023-02-24 12:37:00,3:7
03113_24-02-2023-11.30,03113,AVE,2023-02-24 11:30:00,2023-02-24 14:42:00,3:12
03123_24-02-2023-12.30,03123,AVE,2023-02-24 12:30:00,2023-02-24 15:40:00,3:10
19725_24-02-2023-13.25,19725,AVE,2023-02-24 13:25:00,2023-02-24 16:22:00,2:57
03143_24-02-2023-14.30,03143,AVE,2023-02-24 14:30:00,2023-02-24 17:20:00,2:50
03151_24-02-2023-15.00,03151,AVE,2023-02-24 15:00:00,2023-02-24 17:29:00,2:29
03153_24-02-2023-15.30,03153,AVE,2023-02-24 15:30:00,2023-02-24 18:42:00,3:12
03161_24-02-2023-16.00,03161,AVE,2023-02-24 16:00:00,2023-02-24 18:30:00,2:30
03163_24-02-2023-16.30,03163,AVE,2023-02-24 16:30:00,2023-02-24 19:15:00,2:45
03171_24-02-2023-17.00,03171,AVE,2023-02-24 17:00:00,2023-02-24 19:30:00,2:30
03173_24-02-2023-17.30,03173,AVE,2023-02-24 17:30:00,2023-02-24 20:42:00,3:12
03183_24-02-2023-18.30,03183,AVE,2023-02-24 18:30:00,2023-02-24 21:20:00,2:50
03191_24-02-2023-19.00,03191,AVE,2023-02-24 19:00:00,2023-02-24 21:30:00,2:30
03201_24-02-2023-20.00,03201,AVE,2023-02-24 20:00:00,2023-02-24 22:30:00,2:30
03203_24-02-2023-20.40,03203,AVE,2023-02-24 20:40:00,2023-02-24 23:55:00,3:15
03211_24-02-2023-21.10,03211,AVE,2023-02-24 21:10:00,2023-02-24 23:40:00,2:30
03073_25-02-2023-07.30,03073,AVE,2023-02-25 07:30:00,2023-02-25 10:42:00,3:12
03083_25-02-2023-08.30,03083,AVE,2023-02-25 08:30:00,2023-02-25 11:15:00,2:45
03091_25-02-2023-09.00,03091,AVE,2023-02-25 09:00:00,2023-02-25 11:30:00,2:30
03093_25-02-2023-09.30,03093,AVE,2023-02-25 09:30:00,2023-02-25 12:37:00,3:7
03113_25-02-2023-11.30,03113,AVE,2023-02-25 11:30:00,2023-02-25 14:42:00,3:12
03123_25-02-2023-12.30,03123,AVE,2023-02-25 12:30:00,2023-02-25 15:40:00,3:10
19725_25-02-2023-13.25,19725,AVE,2023-02-25 13:25:00,2023-02-25 16:22:00,2:57
03153_25-02-2023-15.30,03153,AVE,2023-02-25 15:30:00,2023-02-25 18:42:00,3:12
03163_25-02-2023-16.30,03163,AVE,2023-02-25 16:30:00,2023-02-25 19:15:00,2:45
03173_25-02-2023-17.30,03173,AVE,2023-02-25 17:30:00,2023-02-25 20:42:00,3:12
03183_25-02-2023-18.30,03183,AVE,2023-02-25 18:30:00,2023-02-25 21:20:00,2:50
03203_25-02-2023-20.40,03203,AVE,2023-02-25 20:40:00,2023-02-25 23:55:00,3:15
03073_26-02-2023-07.30,03073,AVE,2023-02-26 07:30:00,2023-02-26 10:42:00,3:12
03083_26-02-2023-08.30,03083,AVE,2023-02-26 08:30:00,2023-02-26 11:15:00,2:45
03093_26-02-2023-09.30,03093,AVE,2023-02-26 09:30:00,2023-02-26 12:37:00,3:7
03113_26-02-2023-11.30,03113,AVE,2023-02-26 11:30:00,2023-02-26 14:42:00,3:12
03123_26-02-2023-12.30,03123,AVE,2023-02-26 12:30:00,2023-02-26 15:40:00,3:10
03131_26-02-2023-13.00,03131,AVE,2023-02-26 13:00:00,2023-02-26 15:30:00,2:30
19725_26-02-2023-13.25,19725,AVE,2023-02-26 13:25:00,2023-02-26 16:22:00,2:57
03143_26-02-2023-14.30,03143,AVE,2023-02-26 14:30:00,2023-02-26 17:20:00,2:50
03153_26-02-2023-15.30,03153,AVE,2023-02-26 15:30:00,2023-02-26 18:42:00,3:12
03161_26-02-2023-16.00,03161,AVE,2023-02-26 16:00:00,2023-02-26 18:30:00,2:30
03163_26-02-2023-16.30,03163,AVE,2023-02-26 16:30:00,2023-02-26 19:15:00,2:45
03171_26-02-2023-17.00,03171,AVE,2023-02-26 17:00:00,2023-02-26 19:30:00,2:30
03173_26-02-2023-17.30,03173,AVE,2023-02-26 17:30:00,2023-02-26 20:42:00,3:12
03183_26-02-2023-18.30,03183,AVE,2023-02-26 18:30:00,2023-02-26 21:20:00,2:50
03191_26-02-2023-19.00,03191,AVE,2023-02-26 19:00:00,2023-02-26 21:30:00,2:30
03201_26-02-2023-20.00,03201,AVE,2023-02-26 20:00:00,2023-02-26 22:30:00,2:30
03203_26-02-2023-20.40,03203,AVE,2023-02-26 20:40:00,2023-02-26 23:55:00,3:15
03211_26-02-2023-21.10,03211,AVE,2023-02-26 21:10:00,2023-02-26 23:40:00,2:30
03063_27-02-2023-06.30,03063,AVE,2023-02-27 06:30:00,2023-02-27 09:20:00,2:50
03071_27-02-2023-07.00,03071,AVE,2023-02-27 07:00:00,2023-02-27 09:30:00,2:30
03073_27-02-2023-07.30,03073,AVE,2023-02-27 07:30:00,2023-02-27 10:42:00,3:12
03081_27-02-2023-08.00,03081,AVE,2023-02-27 08:00:00,2023-02-27 10:30:00,2:30
03083_27-02-2023-08.30,03083,AVE,2023-02-27 08:30:00,2023-02-27 11:15:00,2:45
03091_27-02-2023-09.00,03091,AVE,2023-02-27 09:00:00,2023-02-27 11:30:00,2:30
03093_27-02-2023-09.30,03093,AVE,2023-02-27 09:30:00,2023-02-27 12:37:00,3:7
03113_27-02-2023-11.30,03113,AVE,2023-02-27 11:30:00,2023-02-27 14:42:00,3:12
03123_27-02-2023-12.30,03123,AVE,2023-02-27 12:30:00,2023-02-27 15:40:00,3:10
03131_27-02-2023-13.00,03131,AVE,2023-02-27 13:00:00,2023-02-27 15:30:00,2:30
19725_27-02-2023-13.25,19725,AVE,2023-02-27 13:25:00,2023-02-27 16:22:00,2:57
03143_27-02-2023-14.30,03143,AVE,2023-02-27 14:30:00,2023-02-27 17:20:00,2:50
03151_27-02-2023-15.00,03151,AVE,2023-02-27 15:00:00,2023-02-27 17:29:00,2:29
03153_27-02-2023-15.30,03153,AVE,2023-02-27 15:30:00,2023-02-27 18:42:00,3:12
03161_27-02-2023-16.00,03161,AVE,2023-02-27 16:00:00,2023-02-27 18:30:00,2:30
03163_27-02-2023-16.30,03163,AVE,2023-02-27 16:30:00,2023-02-27 19:15:00,2:45
03171_27-02-2023-17.00,03171,AVE,2023-02-27 17:00:00,2023-02-27 19:30:00,2:30
03173_27-02-2023-17.30,03173,AVE,2023-02-27 17:30:00,2023-02-27 20:42:00,3:12
03183_27-02-2023-18.30,03183,AVE,2023-02-27 18:30:00,2023-02-27 21:20:00,2:50
03191_27-02-2023-19.00,03191,AVE,2023-02-27 19:00:00,2023-02-27 21:30:00,2:30
03201_27-02-2023-20.00,03201,AVE,2023-02-27 20:00:00,2023-02-27 22:30:00,2:30
03203_27-02-2023-20.40,03203,AVE,2023-02-27 20:40:00,2023-02-27 23:55:00,3:15
03211_27-02-2023-21.10,03211,AVE,2023-02-27 21:10:00,2023-02-27 23:40:00,2:30
03063_28-02-2023-06.30,03063,AVE,2023-02-28 06:30:00,2023-02-28 09:20:00,2:50
03071_28-02-2023-07.00,03071,AVE,2023-02-28 07:00:00,2023-02-28 09:30:00,2:30
03073_28-02-2023-07.30,03073,AVE,2023-02-28 07:30:00,2023-02-28 10:42:00,3:12
03081_28-02-2023-08.00,03081,AVE,2023-02-28 08:00:00,2023-02-28 10:30:00,2:30
03083_28-02-2023-08.30,03083,AVE,2023-02-28 08:30:00,2023-02-28 11:15:00,2:45
03091_28-02-2023-09.00,03091,AVE,2023-02-28 09:00:00,2023-02-28 11:30:00,2:30
03093_28-02-2023-09.30,03093,AVE,2023-02-28 09:30:00,2023-02-28 12:37:00,3:7
03113_28-02-2023-11.30,03113,AVE,2023-02-28 11:30:00,2023-02-28 14:42:00,3:12
03123_28-02-2023-12.30,03123,AVE,2023-02-28 12:30:00,2023-02-28 15:40:00,3:10
03131_28-02-2023-13.00,03131,AVE,2023-02-28 13:00:00,2023-02-28 15:30:00,2:30
19725_28-02-2023-13.25,19725,AVE,2023-02-28 13:25:00,2023-02-28 16:22:00,2:57
03143_28-02-2023-14.30,03143,AVE,2023-02-28 14:30:00,2023-02-28 17:20:00,2:50
03151_28-02-2023-15.00,03151,AVE,2023-02-28 15:00:00,2023-02-28 17:29:00,2:29
03153_28-02-2023-15.30,03153,AVE,2023-02-28 15:30:00,2023-02-28 18:42:00,3:12
03161_28-02-2023-16.00,03161,AVE,2023-02-28 16:00:00,2023-02-28 18:30:00,2:30
03163_28-02-2023-16.30,03163,AVE,2023-02-28 16:30:00,2023-02-28 19:15:00,2:45
03171_28-02-2023-17.00,03171,AVE,2023-02-28 17:00:00,2023-02-28 19:30:00,2:30
03173_28-02-2023-17.30,03173,AVE,2023-02-28 17:30:00,2023-02-28 20:42:00,3:12
03183_28-02-2023-18.30,03183,AVE,2023-02-28 18:30:00,2023-02-28 21:20:00,2:50
03191_28-02-2023-19.00,03191,AVE,2023-02-28 19:00:00,2023-02-28 21:30:00,2:30
03201_28-02-2023-20.00,03201,AVE,2023-02-28 20:00:00,2023-02-28 22:30:00,2:30
03203_28-02-2023-20.40,03203,AVE,2023-02-28 20:40:00,2023-02-28 23:55:00,3:15
03211_28-02-2023-21.10,03211,AVE,2023-02-28 21:10:00,2023-02-28 23:40:00,2:30
